r-0.0557,-0.0195,0.0225,-2.1169,0.0023,0.0206,0.2238,139.0000,-0.0024,-0.0023,, 0, 0, 1, 0, 0
0.0531,-0.0234,0.0151,-2.7125,0.0063,0.0189,0.2025,110.0000,0.0005,-0.0063,, 0, 0, 1, 0, 0
0.0501,0.0023,-0.0233,-3.3159,0.0095,0.0221,-0.0692,10.0000,-0.0014,-0.0095,, 0, 0, 1, 0, 0
s-0.0572,0.0266,0.0080,-4.8320,0.0127,0.0245,0.2159,38.0000,-0.0189,-0.0127,, 1, 0, 0, 0, 0
-0.0306,-0.0955,0.0801,-4.9991,0.0174,0.0025,0.8172,108.0000,0.0035,-0.0174,, 1, 0, 0, 0, 0
0.0127,-0.1119,-0.0001,-3.7718,0.0163,-0.0027,0.1596,64.0000,0.0062,-0.0163,, 1, 0, 0, 0, 0
f0.0494,-0.0798,-0.0406,-0.9413,0.0113,-0.0212,-0.2328,130.0000,0.0051,-0.0113,, 0, 1, 0, 0, 0
-0.0510,-0.0436,-0.0398,2.8239,0.0003,-0.0319,-0.3479,186.0000,0.0083,-0.0003,, 0, 1, 0, 0, 0
r-0.2311,0.0517,0.0718,5.9467,-0.0185,-0.0037,0.3860,7.0000,0.0058,0.0185,, 0, 0, 1, 0, 0
0.0011,0.1232,0.0229,7.6828,-0.0251,-0.0041,-0.0714,127.0000,0.0027,0.0251,, 0, 0, 1, 0, 0
-0.0364,0.1208,0.0081,6.9207,-0.0201,0.0038,-0.1318,103.0000,-0.0037,0.0201,, 0, 0, 1, 0, 0
s-0.0078,-0.3263,-0.0248,2.4874,-0.0134,-0.0273,-0.3597,57.0000,0.0183,0.0134,, 1, 0, 0, 0, 0
0.0301,0.1688,0.0128,3.3620,-0.0081,0.0006,0.0219,40.0000,-0.0114,0.0081,, 1, 0, 0, 0, 0
-0.0501,0.1475,0.0356,0.6529,-0.0026,0.0025,0.2616,22.0000,-0.0078,0.0026,, 1, 0, 0, 0, 0
0.0462,-0.0408,0.0653,-2.6481,0.0033,0.0062,0.5619,109.0000,-0.0049,-0.0033,, 1, 0, 0, 0, 0
f0.0184,-0.0179,0.0580,-3.2962,0.0063,-0.0050,0.5214,117.0000,-0.0065,-0.0063,, 0, 1, 0, 0, 0
-0.0519,-0.0867,-0.0268,-3.3058,0.0080,-0.0153,-0.1492,163.0000,0.0039,-0.0080,, 0, 1, 0, 0, 0
0.0124,-0.0666,0.0172,-2.3893,0.0044,-0.0165,0.1648,83.0000,0.0033,-0.0044,, 0, 1, 0, 0, 0
-0.0135,-0.0867,0.0143,-0.8910,0.0023,-0.0214,0.1157,108.0000,0.0051,-0.0023,, 0, 1, 0, 0, 0
-0.0423,-0.0434,-0.0400,1.8763,-0.0012,-0.0289,-0.3608,139.0000,0.0071,0.0012,, 0, 1, 0, 0, 0
r0.1607,0.6658,-0.1804,7.5127,-0.0099,0.0175,-1.5242,96.0000,-0.0185,0.0099,, 0, 0, 1, 0, 0
-0.0703,0.2539,-0.0025,3.6907,-0.0149,0.0209,-0.1480,101.0000,-0.0143,0.0149,, 0, 0, 1, 0, 0
s-0.0171,-0.2280,0.0051,0.3890,-0.0118,-0.0205,-0.0974,70.0000,0.0157,0.0118,, 1, 0, 0, 0, 0
0.0132,0.0742,0.0117,0.9929,-0.0098,-0.0011,-0.0049,187.0000,-0.0049,0.0098,, 1, 0, 0, 0, 0
-0.0158,0.0201,0.0225,0.0378,-0.0071,-0.0004,0.1093,21.0000,-0.0037,0.0071,, 1, 0, 0, 0, 0
-0.0099,-0.1022,0.0534,-0.4510,-0.0034,-0.0082,0.3850,5.0000,0.0051,0.0034,, 1, 0, 0, 0, 0
-0.0051,-0.0240,0.0604,0.2778,0.0010,-0.0067,0.4858,15.0000,0.0021,-0.0010,, 1, 0, 0, 0, 0
r0.0477,0.4282,-0.0110,3.1461,0.0018,0.0269,-0.0435,121.0000,-0.0192,-0.0018,, 0, 0, 1, 0, 0
-0.0146,0.0886,0.0328,-0.1606,0.0037,0.0168,0.3158,11.0000,-0.0025,-0.0037,, 0, 0, 1, 0, 0
0.0307,0.0063,0.0593,-1.8331,0.0064,0.0208,0.5597,105.0000,-0.0031,-0.0064,, 0, 0, 1, 0, 0
0.0265,-0.0183,0.0419,-2.4931,0.0097,0.0199,0.4515,76.0000,-0.0009,-0.0097,, 0, 0, 1, 0, 0
0.0297,-0.0626,0.0255,-3.0119,0.0097,0.0183,0.3190,0.0000,0.0017,-0.0097,, 0, 0, 1, 0, 0
0.0145,0.0136,0.0047,-2.7643,0.0096,0.0195,0.1529,121.0000,0.0001,-0.0096,, 0, 0, 1, 0, 0
s-0.0284,0.1001,0.0644,-2.4030,0.0066,0.0101,0.5907,161.0000,-0.0093,-0.0066,, 1, 0, 0, 0, 0
-0.0048,-0.0689,-0.0081,-1.8070,0.0055,-0.0055,-0.0155,96.0000,0.0051,-0.0055,, 1, 0, 0, 0, 0
-0.0139,-0.0897,-0.0094,-0.0152,0.0034,-0.0134,-0.0552,11.0000,0.0094,-0.0034,, 1, 0, 0, 0, 0
-0.0100,0.0405,-0.0835,2.0144,-0.0016,-0.0108,-0.6951,129.0000,0.0027,0.0016,, 1, 0, 0, 0, 0
r0.0087,0.0065,0.0236,3.2889,-0.0028,-0.0153,0.1455,197.0000,0.0227,0.0028,, 0, 0, 1, 0, 0
0.0608,0.1443,-0.0006,3.8724,-0.0072,0.0107,-0.0661,39.0000,-0.0044,0.0072,, 0, 0, 1, 0, 0
f-0.1718,-0.5522,0.0510,-1.2386,-0.0053,-0.0377,0.3180,94.0000,0.0222,0.0053,, 0, 1, 0, 0, 0
0.0349,-0.1045,0.0159,2.8653,-0.0019,-0.0332,0.0747,100.0000,0.0095,0.0019,, 0, 1, 0, 0, 0
-0.0423,0.0188,0.0522,4.2735,0.0000,-0.0279,0.3905,80.0000,0.0014,-0.0000,, 0, 1, 0, 0, 0
r0.0831,-0.0430,0.0313,3.7356,0.0018,-0.0038,0.2648,50.0000,0.0103,-0.0018,, 0, 0, 1, 0, 0
-0.0072,0.2345,-0.0065,2.1011,0.0009,0.0228,-0.0206,192.0000,-0.0130,-0.0009,, 0, 0, 1, 0, 0
0.0024,0.0859,0.0562,-2.2054,0.0071,0.0285,0.5498,177.0000,-0.0101,-0.0071,, 0, 0, 1, 0, 0
s-0.1019,-0.2838,0.2556,-7.9042,0.0219,0.0084,2.2716,138.0000,0.0034,-0.0219,, 1, 0, 0, 0, 0
0.0727,-0.1116,-0.0493,-8.2009,0.0307,0.0124,-0.0746,181.0000,0.0000,-0.0307,, 1, 0, 0, 0, 0
f0.1408,-0.0913,-0.0887,-8.3298,0.0276,-0.0038,-0.4375,77.0000,0.0025,-0.0276,, 0, 1, 0, 0, 0
0.0692,-0.0097,0.0075,-7.9463,0.0183,0.0007,0.2439,37.0000,-0.0028,-0.0183,, 0, 1, 0, 0, 0
-0.0235,-0.1114,0.0313,-7.2262,0.0189,-0.0100,0.4296,13.0000,0.0065,-0.0189,, 0, 1, 0, 0, 0
0.0366,-0.1693,-0.0324,-4.7379,0.0122,-0.0208,-0.1574,1.0000,0.0123,-0.0122,, 0, 1, 0, 0, 0
s0.0246,0.0867,-0.0857,0.8250,-0.0002,-0.0115,-0.6989,144.0000,0.0059,0.0002,, 1, 0, 0, 0, 0
r-0.0104,0.0488,-0.0352,3.4364,-0.0091,-0.0160,-0.3887,114.0000,0.0231,0.0091,, 0, 0, 1, 0, 0
0.0500,0.0915,-0.1455,6.0928,-0.0143,-0.0013,-1.3076,53.0000,0.0031,0.0143,, 0, 0, 1, 0, 0
0.0205,0.0739,0.0260,7.3375,-0.0199,-0.0034,0.0055,129.0000,0.0027,0.0199,, 0, 0, 1, 0, 0
f0.1437,-0.3641,0.0081,6.2442,-0.0186,-0.0588,-0.1797,144.0000,0.0283,0.0186,, 0, 1, 0, 0, 0
-0.0166,0.1697,0.0037,9.3122,-0.0128,-0.0293,-0.1275,196.0000,-0.0073,0.0128,, 0, 1, 0, 0, 0
r-0.1024,-0.0854,0.0682,8.1002,-0.0097,-0.0161,0.4326,54.0000,0.0139,0.0097,, 0, 0, 1, 0, 0
0.0131,0.1748,0.0277,6.8270,-0.0026,0.0089,0.2044,111.0000,-0.0086,0.0026,, 0, 0, 1, 0, 0
0.0179,0.1735,0.0292,2.5681,0.0040,0.0230,0.2964,5.0000,-0.0142,-0.0040,, 0, 0, 1, 0, 0
0.0390,0.0609,0.0257,-2.1805,0.0100,0.0307,0.3366,27.0000,-0.0123,-0.0100,, 0, 0, 1, 0, 0
s-0.0303,0.1705,0.0730,-5.3002,0.0215,0.0265,0.8259,142.0000,-0.0199,-0.0215,, 1, 0, 0, 0, 0
0.0194,-0.0349,0.0056,-8.8237,0.0303,0.0206,0.3687,176.0000,-0.0070,-0.0303,, 1, 0, 0, 0, 0
f-0.0207,-0.0061,-0.0669,-9.8944,0.0241,0.0090,-0.2847,142.0000,-0.0072,-0.0241,, 0, 1, 0, 0, 0
r-0.0699,0.6018,-0.0609,-7.2909,0.0169,0.0681,-0.2495,25.0000,-0.0395,-0.0169,, 0, 0, 1, 0, 0
-0.0872,0.0658,0.0975,-11.5854,0.0190,0.0453,1.0152,161.0000,-0.0082,-0.0190,, 0, 0, 1, 0, 0
f0.0432,-0.0746,0.0821,-11.7226,0.0272,0.0063,0.9351,11.0000,-0.0009,-0.0272,, 0, 1, 0, 0, 0
0.0469,-0.1332,0.0289,-10.8500,0.0282,-0.0038,0.5097,53.0000,0.0075,-0.0282,, 0, 1, 0, 0, 0
-0.0378,-0.1174,-0.0142,-8.7323,0.0276,-0.0081,0.1542,53.0000,0.0076,-0.0276,, 0, 1, 0, 0, 0
0.0349,-0.1551,-0.0802,-4.6996,0.0153,-0.0215,-0.5095,145.0000,0.0129,-0.0153,, 0, 1, 0, 0, 0
r-0.0246,-0.2314,-0.0747,0.4251,0.0001,-0.0398,-0.6365,117.0000,0.0530,-0.0001,, 0, 0, 1, 0, 0
0.0910,0.0317,-0.1954,6.7214,-0.0202,-0.0105,-1.7763,21.0000,0.0111,0.0202,, 0, 0, 1, 0, 0
-0.0172,0.0405,-0.0890,10.6457,-0.0287,-0.0161,-1.0145,83.0000,0.0088,0.0287,, 0, 0, 1, 0, 0
0.0266,0.0593,0.1235,13.8715,-0.0293,-0.0203,0.6750,129.0000,0.0066,0.0293,, 0, 0, 1, 0, 0
-0.0567,-0.2485,-0.1231,15.0000,-0.0303,-0.0527,-1.3399,20.0000,0.0367,0.0303,, 0, 0, 1, 0, 0
r-0.4089,-0.3587,0.4469,15.0000,-0.0552,-0.2025,2.8200,145.0000,0.1865,0.0552,, 0, 0, 1, 0, 0
s-0.0204,1.1205,0.0415,15.0000,-0.0364,-0.0438,-0.0757,67.0000,0.0098,0.0364,, 1, 0, 0, 0, 0
0.1513,-0.3549,-0.1256,-0.3265,-0.0197,-0.0160,-1.2175,148.0000,0.0127,0.0197,, 1, 0, 0, 0, 0
0.0868,-0.0368,0.0505,-4.5857,-0.0205,0.0193,0.2180,187.0000,-0.0141,0.0205,, 1, 0, 0, 0, 0
0.1292,0.0402,0.0131,-4.3482,-0.0122,0.0171,-0.0005,135.0000,-0.0124,0.0122,, 1, 0, 0, 0, 0
0.0150,-0.1070,0.1009,-4.4042,-0.0120,0.0027,0.6896,199.0000,0.0021,0.0120,, 1, 0, 0, 0, 0
-0.0020,-0.0566,0.0265,-3.7381,-0.0120,0.0007,0.0926,196.0000,0.0027,0.0120,, 1, 0, 0, 0, 0
0.0292,-0.1010,0.0045,-2.8268,-0.0089,-0.0053,-0.0583,56.0000,0.0069,0.0089,, 1, 0, 0, 0, 0
-0.0078,-0.0027,-0.0439,-1.3417,-0.0075,-0.0044,-0.4312,63.0000,0.0031,0.0075,, 1, 0, 0, 0, 0
-0.0137,0.0009,-0.0136,-0.5050,-0.0083,-0.0061,-0.1982,180.0000,0.0031,0.0083,, 1, 0, 0, 0, 0
-0.0192,0.0224,0.0023,0.4829,-0.0077,-0.0069,-0.0659,179.0000,0.0020,0.0077,, 1, 0, 0, 0, 0
-0.0293,0.1112,-0.0020,0.5415,-0.0067,-0.0020,-0.0847,50.0000,-0.0031,0.0067,, 1, 0, 0, 0, 0
-0.0376,0.0602,0.0117,-0.6119,-0.0034,-0.0000,0.0603,51.0000,-0.0027,0.0034,, 1, 0, 0, 0, 0
0.0007,-0.0364,0.0315,-1.5048,-0.0006,-0.0005,0.2450,147.0000,-0.0005,0.0006,, 1, 0, 0, 0, 0
0.0282,-0.0581,0.0247,-1.3575,0.0003,-0.0033,0.1966,199.0000,0.0020,-0.0003,, 1, 0, 0, 0, 0
0.0073,-0.0594,0.0037,-0.4880,-0.0012,-0.0060,0.0116,103.0000,0.0030,0.0012,, 1, 0, 0, 0, 0
r-0.0735,0.0413,0.0065,0.4209,-0.0015,0.0107,0.0484,6.0000,0.0025,0.0015,, 0, 0, 1, 0, 0
0.0121,0.1494,-0.0174,-0.0520,-0.0030,0.0196,-0.1503,48.0000,-0.0055,0.0030,, 0, 0, 1, 0, 0
0.0340,0.0282,-0.0217,-2.1940,-0.0023,0.0236,-0.1733,127.0000,-0.0052,0.0023,, 0, 0, 1, 0, 0
0.0290,0.0092,0.0249,-3.0166,-0.0001,0.0235,0.2223,55.0000,-0.0035,0.0001,, 0, 0, 1, 0, 0
f-0.1052,0.0226,-0.0021,-3.0465,0.0071,-0.0064,0.0478,1.0000,-0.0055,-0.0071,, 0, 1, 0, 0, 0
0.0076,-0.1635,-0.0025,-1.4757,0.0094,-0.0245,0.0490,134.0000,0.0094,-0.0094,, 0, 1, 0, 0, 0
r-0.2086,0.4932,-0.0506,4.3490,-0.0018,0.0294,-0.3939,100.0000,-0.0241,0.0018,, 0, 0, 1, 0, 0
-0.0531,0.1182,0.0021,3.3680,-0.0105,0.0076,-0.0799,12.0000,-0.0003,0.0105,, 0, 0, 1, 0, 0
r-0.0093,0.0642,0.0359,2.8252,-0.0114,0.0081,0.1812,153.0000,0.0003,0.0114,, 0, 0, 1, 0, 0
f-0.3196,-0.0854,0.0514,-0.5702,-0.0044,-0.0013,0.3659,184.0000,-0.0156,0.0044,, 0, 1, 0, 0, 0
r0.1494,0.5157,-0.0096,4.3289,0.0013,0.0250,-0.0391,30.0000,-0.0197,-0.0013,, 0, 0, 1, 0, 0
f-0.2993,0.0413,0.0482,-2.3638,0.0041,0.0125,0.4390,135.0000,-0.0257,-0.0041,, 0, 1, 0, 0, 0
-0.0048,-0.1943,-0.0474,-2.4866,0.0081,-0.0207,-0.3186,59.0000,0.0077,-0.0081,, 0, 1, 0, 0, 0
r0.1276,-0.0947,0.0087,-1.9140,0.0065,0.0115,0.1456,27.0000,0.0063,-0.0065,, 0, 0, 1, 0, 0
fr0.2571,0.1856,-0.0270,0.5163,0.0121,0.0019,-0.0936,110.0000,0.0111,-0.0121,, 0, 0, 1, 0, 0
f0.2454,-0.3299,0.0291,-2.4117,0.0169,-0.0327,0.3685,134.0000,0.0195,-0.0169,, 0, 1, 0, 0, 0
rf-0.0130,-0.0101,0.0161,-1.8115,0.0132,0.0106,0.2721,156.0000,-0.0250,-0.0132,, 0, 1, 0, 0, 0
r-0.2704,0.1203,0.0761,-0.5683,0.0092,0.0206,0.7213,107.0000,-0.0054,-0.0092,, 0, 0, 1, 0, 0
fr-0.1327,0.6426,-0.0759,3.5395,0.0080,0.0435,-0.4840,36.0000,-0.0366,-0.0080,, 0, 0, 1, 0, 0
f0.1894,-0.2682,0.0071,-0.2925,0.0093,-0.0327,0.1171,170.0000,0.0153,-0.0093,, 0, 1, 0, 0, 0
rf0.0110,-0.0113,-0.0052,0.6669,0.0030,0.0042,-0.0076,29.0000,-0.0236,-0.0030,, 0, 1, 0, 0, 0
r-0.2607,0.0570,0.0509,0.7206,-0.0035,0.0131,0.3857,16.0000,-0.0005,0.0035,, 0, 0, 1, 0, 0
fr-0.3341,0.2297,0.0704,1.1794,-0.0041,0.0265,0.5487,165.0000,-0.0148,0.0041,, 0, 0, 1, 0, 0
fr0.0884,0.6720,-0.0186,5.0089,0.0014,0.0390,-0.0961,170.0000,-0.0350,-0.0014,, 0, 0, 1, 0, 0
fr0.3958,0.0258,-0.1266,2.1210,0.0098,-0.0082,-0.9228,174.0000,0.0180,-0.0098,, 0, 0, 1, 0, 0
fr0.2326,-0.3702,-0.0054,-2.2997,0.0157,-0.0326,0.0805,146.0000,0.0512,-0.0157,, 0, 0, 1, 0, 0
0.0966,0.0945,0.0316,-0.8854,0.0208,0.0225,0.4834,167.0000,-0.0067,-0.0208,, 0, 0, 1, 0, 0
s0.1148,-0.3954,0.0529,-3.9335,0.0281,-0.0181,0.6861,106.0000,0.0219,-0.0281,, 1, 0, 0, 0, 0
0.0097,-0.0352,-0.0328,-1.7871,0.0250,-0.0016,-0.0139,81.0000,0.0012,-0.0250,, 1, 0, 0, 0, 0
-0.0005,-0.1049,-0.0093,-0.9321,0.0183,-0.0078,0.1006,139.0000,0.0057,-0.0183,, 1, 0, 0, 0, 0
0.0158,-0.0180,-0.1118,1.7293,0.0111,-0.0134,-0.7965,173.0000,0.0059,-0.0111,, 1, 0, 0, 0, 0
r0.0671,0.0854,-0.0212,3.8155,0.0024,-0.0096,-0.1546,37.0000,0.0160,-0.0024,, 0, 0, 1, 0, 0
-0.0017,0.1444,0.0662,3.5941,-0.0011,0.0107,0.5292,41.0000,-0.0039,0.0011,, 0, 0, 1, 0, 0
-0.0314,0.1360,-0.0242,1.7113,0.0008,0.0164,-0.1692,118.0000,-0.0058,-0.0008,, 0, 0, 1, 0, 0
s-0.0120,0.1198,0.0004,-0.1903,0.0043,0.0084,0.0544,99.0000,-0.0120,-0.0043,, 1, 0, 0, 0, 0
0.0385,-0.0121,-0.0261,-1.5805,0.0050,0.0010,-0.1581,165.0000,-0.0018,-0.0050,, 1, 0, 0, 0, 0
-0.0094,-0.0180,-0.0204,-2.1143,0.0036,0.0016,-0.1250,177.0000,-0.0014,-0.0036,, 1, 0, 0, 0, 0
0.0184,-0.0878,-0.0060,-1.9657,0.0049,-0.0039,-0.0025,161.0000,0.0038,-0.0049,, 1, 0, 0, 0, 0
0.0021,-0.0474,-0.0076,-0.5972,0.0044,-0.0067,-0.0234,24.0000,0.0039,-0.0044,, 1, 0, 0, 0, 0
-0.0175,-0.0140,-0.0250,0.6908,-0.0003,-0.0089,-0.2117,35.0000,0.0035,0.0003,, 1, 0, 0, 0, 0
-0.0135,0.0516,0.0304,1.8999,-0.0043,-0.0083,0.1919,170.0000,0.0005,0.0043,, 1, 0, 0, 0, 0
-0.0024,0.0508,0.0288,2.3964,-0.0032,-0.0101,0.1878,185.0000,0.0013,0.0032,, 1, 0, 0, 0, 0
-0.0300,0.0826,0.0203,1.8371,-0.0018,-0.0049,0.1389,15.0000,-0.0027,0.0018,, 1, 0, 0, 0, 0
-0.0056,0.1170,0.0602,0.7936,-0.0015,-0.0006,0.4667,151.0000,-0.0050,0.0015,, 1, 0, 0, 0, 0
0.0041,0.0859,0.0325,-1.4052,0.0007,0.0072,0.2744,124.0000,-0.0084,-0.0007,, 1, 0, 0, 0, 0
0.0203,-0.0322,-0.0146,-3.0681,0.0031,0.0032,-0.0829,71.0000,-0.0011,-0.0031,, 1, 0, 0, 0, 0
0.0279,-0.0939,0.0196,-3.8357,0.0053,0.0017,0.2118,118.0000,0.0020,-0.0053,, 1, 0, 0, 0, 0
0.0265,-0.0133,-0.0196,-3.0392,0.0074,0.0035,-0.0793,163.0000,-0.0014,-0.0074,, 1, 0, 0, 0, 0
0.0167,-0.1050,-0.0336,-2.2177,0.0042,-0.0046,-0.2313,79.0000,0.0050,-0.0042,, 1, 0, 0, 0, 0
-0.0307,-0.1138,0.1089,-0.0322,0.0019,-0.0143,0.8754,168.0000,0.0103,-0.0019,, 1, 0, 0, 0, 0
-0.0083,-0.0056,-0.0505,2.7181,-0.0052,-0.0155,-0.4716,112.0000,0.0060,0.0052,, 1, 0, 0, 0, 0
-0.0020,0.0440,-0.0192,4.6466,-0.0095,-0.0165,-0.2649,89.0000,0.0032,0.0095,, 1, 0, 0, 0, 0
-0.0275,0.0518,-0.0611,5.9723,-0.0106,-0.0195,-0.6150,3.0000,0.0035,0.0106,, 1, 0, 0, 0, 0
-0.0365,0.0655,0.0701,6.2138,-0.0073,-0.0157,0.4719,41.0000,-0.0007,0.0073,, 1, 0, 0, 0, 0
r0.0350,-0.0417,-0.0770,5.5525,0.0022,-0.0042,-0.5979,139.0000,0.0071,-0.0022,, 0, 0, 1, 0, 0
0.0253,0.1246,-0.0649,4.9968,0.0050,0.0102,-0.4587,104.0000,-0.0062,-0.0050,, 0, 0, 1, 0, 0
-0.0384,0.1563,-0.0196,2.3854,0.0031,0.0198,-0.1055,86.0000,-0.0106,-0.0031,, 0, 0, 1, 0, 0
0.0100,0.1182,0.0629,-0.8995,0.0042,0.0277,0.5734,156.0000,-0.0119,-0.0042,, 0, 0, 1, 0, 0
f-0.0576,-0.0011,0.0774,-4.9824,0.0130,0.0269,0.7764,91.0000,-0.0349,-0.0130,, 0, 1, 0, 0, 0
-0.0160,-0.1348,-0.0329,-6.1899,0.0229,-0.0079,-0.0422,42.0000,0.0023,-0.0229,, 0, 1, 0, 0, 0
0.0255,-0.0959,-0.1108,-5.3373,0.0198,-0.0105,-0.6991,55.0000,0.0032,-0.0198,, 0, 1, 0, 0, 0
r0.1332,-0.0621,-0.0380,-4.7633,0.0166,0.0181,-0.1196,69.0000,0.0055,-0.0166,, 0, 0, 1, 0, 0
f0.1927,0.0922,-0.0344,-3.9510,0.0156,-0.0033,-0.1218,46.0000,-0.0068,-0.0156,, 0, 1, 0, 0, 0
r-0.1463,0.0817,-0.0200,-4.1532,0.0103,0.0268,-0.0302,128.0000,-0.0045,-0.0103,, 0, 0, 1, 0, 0
fr0.3880,-0.4112,-0.1359,-3.5272,0.0100,-0.0320,-1.0185,183.0000,0.0531,-0.0100,, 0, 0, 1, 0, 0
f0.0629,-0.6710,-0.0509,-5.6753,-0.0013,-0.0432,-0.4633,135.0000,0.0365,0.0013,, 0, 1, 0, 0, 0
rf0.0682,-0.9352,-0.0313,-5.3736,-0.0002,-0.0654,-0.3173,175.0000,0.0581,0.0002,, 0, 1, 0, 0, 0
rf0.0621,-0.1876,0.0621,0.4758,-0.0094,-0.0080,0.3950,120.0000,-0.0110,0.0094,, 0, 1, 0, 0, 0
r-0.2491,0.0813,0.0476,2.5176,-0.0174,0.0104,0.2175,187.0000,-0.0015,0.0174,, 0, 0, 1, 0, 0
fr-0.0115,0.8295,0.1499,8.2722,-0.0153,0.0415,1.0877,87.0000,-0.0441,0.0153,, 0, 0, 1, 0, 0
fr0.1742,-0.3738,0.0325,3.2251,-0.0125,-0.0480,0.0870,8.0000,0.0556,0.0125,, 0, 0, 1, 0, 0
f-0.0009,-0.5065,0.0576,0.9263,-0.0107,-0.0528,0.3007,86.0000,0.0330,0.0107,, 0, 1, 0, 0, 0
r0.1399,-0.1508,0.0514,1.6640,-0.0036,-0.0021,0.3734,113.0000,0.0128,0.0036,, 0, 0, 1, 0, 0
fr-0.2516,0.0557,0.1312,0.2122,0.0035,0.0194,1.1048,116.0000,-0.0058,-0.0035,, 0, 0, 1, 0, 0
0.0072,-0.0432,0.0504,-1.2786,0.0117,0.0165,0.5370,91.0000,0.0001,-0.0117,, 0, 0, 1, 0, 0
s0.0307,0.0165,-0.0100,-1.6197,0.0178,0.0068,0.1050,49.0000,-0.0076,-0.0178,, 1, 0, 0, 0, 0
0.0001,-0.0966,-0.0542,-1.5435,0.0174,-0.0053,-0.2648,66.0000,0.0044,-0.0174,, 1, 0, 0, 0, 0
-0.0020,0.0220,-0.0114,-0.4331,0.0139,-0.0040,0.0431,178.0000,0.0008,-0.0139,, 1, 0, 0, 0, 0
-0.0328,-0.0017,0.0076,-0.4559,0.0093,-0.0047,0.1493,137.0000,0.0016,-0.0093,, 1, 0, 0, 0, 0
-0.0721,0.0240,0.0199,0.0351,0.0051,-0.0043,0.2060,111.0000,0.0003,-0.0051,, 1, 0, 0, 0, 0
0.0265,0.0426,-0.0342,0.0520,0.0022,-0.0042,-0.2561,120.0000,0.0001,-0.0022,, 1, 0, 0, 0, 0
-0.0184,0.0525,-0.0136,-0.5498,0.0009,0.0014,-0.0979,98.0000,-0.0043,-0.0009,, 1, 0, 0, 0, 0
0.0001,0.0266,0.0335,-0.9140,0.0018,-0.0008,0.2852,7.0000,-0.0013,-0.0018,, 1, 0, 0, 0, 0
-0.0052,-0.0334,-0.0073,-1.1931,0.0018,-0.0033,-0.0438,97.0000,0.0017,-0.0018,, 1, 0, 0, 0, 0
0.0121,-0.0845,0.0289,-0.8370,0.0010,-0.0057,0.2353,193.0000,0.0033,-0.0010,, 1, 0, 0, 0, 0
-0.0137,-0.0312,-0.0853,0.7489,-0.0006,-0.0090,-0.6971,184.0000,0.0035,0.0006,, 1, 0, 0, 0, 0
-0.0146,0.0854,0.0347,1.8736,-0.0029,-0.0076,0.2411,129.0000,-0.0001,0.0029,, 1, 0, 0, 0, 0
-0.0215,0.1334,-0.0224,1.2050,-0.0035,-0.0026,-0.2168,98.0000,-0.0038,0.0035,, 1, 0, 0, 0, 0
0.0137,0.0564,0.0365,-0.6896,-0.0008,0.0010,0.2847,129.0000,-0.0036,0.0008,, 1, 0, 0, 0, 0
0.0157,0.0004,0.0247,-2.4614,0.0045,0.0038,0.2459,176.0000,-0.0029,-0.0045,, 1, 0, 0, 0, 0
0.0177,-0.0951,0.0160,-3.5088,0.0057,0.0020,0.1871,68.0000,0.0010,-0.0057,, 1, 0, 0, 0, 0
0.0057,-0.1065,0.0456,-2.5923,0.0070,-0.0027,0.4315,149.0000,0.0039,-0.0070,, 1, 0, 0, 0, 0
0.0058,-0.0933,-0.0794,-0.8717,0.0055,-0.0089,-0.5891,169.0000,0.0066,-0.0055,, 1, 0, 0, 0, 0
f-0.0258,-0.0242,-0.0839,1.2475,-0.0007,-0.0117,-0.6901,199.0000,-0.0087,0.0007,, 0, 1, 0, 0, 0
r-0.2239,0.0978,-0.0098,2.8040,-0.0114,0.0092,-0.1835,111.0000,-0.0008,0.0114,, 0, 0, 1, 0, 0
fr-0.1087,0.7548,0.0049,7.5325,-0.0177,0.0389,-0.0989,32.0000,-0.0399,0.0177,, 0, 0, 1, 0, 0
fr0.1410,0.7360,-0.0370,8.0400,-0.0198,0.0272,-0.4666,195.0000,-0.0293,0.0198,, 0, 0, 1, 0, 0
f0.1582,-0.0261,-0.0261,3.2951,-0.0137,-0.0249,-0.3710,84.0000,0.0003,0.0137,, 0, 1, 0, 0, 0
rf-0.1812,0.0008,-0.0009,1.0022,-0.0057,0.0023,-0.0623,94.0000,-0.0223,0.0057,, 0, 1, 0, 0, 0
-0.0387,-0.0750,0.0420,1.0208,0.0020,-0.0245,0.3314,167.0000,0.0045,-0.0020,, 0, 1, 0, 0, 0
r0.0105,-0.1156,-0.0310,-0.1275,0.0066,0.0049,-0.1769,18.0000,0.0094,-0.0066,, 0, 0, 1, 0, 0
f-0.2086,-0.0859,0.0169,-3.1492,0.0091,0.0106,0.2372,194.0000,-0.0223,-0.0091,, 0, 1, 0, 0, 0
-0.0113,-0.1929,0.0176,-2.7014,0.0094,-0.0208,0.2139,66.0000,0.0082,-0.0094,, 0, 1, 0, 0, 0
0.0152,-0.0935,-0.0025,-0.8845,0.0087,-0.0211,0.0455,90.0000,0.0049,-0.0087,, 0, 1, 0, 0, 0
-0.0098,-0.0091,-0.1056,1.0988,0.0045,-0.0236,-0.8236,86.0000,0.0034,-0.0045,, 0, 1, 0, 0, 0
r0.2577,0.3234,-0.0157,5.3633,-0.0009,-0.0011,-0.1354,90.0000,0.0043,0.0009,, 0, 0, 1, 0, 0
f0.0943,-0.4450,-0.0237,-0.1349,-0.0001,-0.0443,-0.2347,174.0000,0.0266,0.0001,, 0, 1, 0, 0, 0
r-0.2170,0.5989,-0.0633,4.5374,-0.0032,0.0384,-0.4993,137.0000,-0.0335,0.0032,, 0, 0, 1, 0, 0
fr0.2082,0.6655,-0.0721,5.6050,-0.0038,0.0320,-0.5829,44.0000,-0.0292,0.0038,, 0, 0, 1, 0, 0
f0.1516,-0.0460,-0.0428,-0.0282,-0.0040,-0.0170,-0.3986,73.0000,-0.0010,0.0040,, 0, 1, 0, 0, 0
r0.0702,0.0446,-0.0156,-1.1352,-0.0037,0.0180,-0.1434,166.0000,-0.0017,0.0037,, 0, 0, 1, 0, 0
f0.2470,-0.5316,0.0403,-5.3949,-0.0012,-0.0352,0.2751,4.0000,0.0280,0.0012,, 0, 1, 0, 0, 0
0.0463,-0.0638,0.0277,-3.1756,-0.0022,-0.0126,0.1873,45.0000,0.0010,0.0022,, 0, 1, 0, 0, 0
0.0017,-0.0806,0.0041,-2.3035,-0.0034,-0.0173,-0.0182,150.0000,0.0039,0.0034,, 0, 1, 0, 0, 0
0.0165,-0.0618,-0.0385,-0.2521,-0.0028,-0.0232,-0.3593,9.0000,0.0057,0.0028,, 0, 1, 0, 0, 0
s-0.0230,-0.0137,-0.0141,1.6237,-0.0023,-0.0150,-0.1511,163.0000,0.0077,0.0023,, 1, 0, 0, 0, 0
0.0014,0.0346,0.0560,2.4579,-0.0002,-0.0118,0.4342,201.0000,0.0028,0.0002,, 1, 0, 0, 0, 0
-0.0037,0.0449,0.0279,2.5436,0.0007,-0.0095,0.2209,62.0000,0.0004,-0.0007,, 1, 0, 0, 0, 0
-0.0059,0.0442,0.0324,2.1018,-0.0003,-0.0072,0.2488,107.0000,-0.0010,0.0003,, 1, 0, 0, 0, 0
-0.0000,0.0606,-0.0330,1.2138,-0.0007,-0.0042,-0.2759,81.0000,-0.0022,0.0007,, 1, 0, 0, 0, 0
0.0748,0.1162,0.0533,-0.0637,-0.0006,0.0057,0.4265,139.0000,-0.0096,0.0006,, 1, 0, 0, 0, 0
0.0004,-0.0188,-0.0400,-1.8459,-0.0008,0.0023,-0.3252,27.0000,-0.0026,0.0008,, 1, 0, 0, 0, 0
0.0082,-0.0424,-0.0058,-2.4076,-0.0008,0.0008,-0.0536,10.0000,-0.0000,0.0008,, 1, 0, 0, 0, 0
0.0079,-0.0199,-0.0228,-2.2783,-0.0015,0.0010,-0.1959,169.0000,-0.0004,0.0015,, 1, 0, 0, 0, 0
0.0354,-0.0181,-0.0142,-1.7705,-0.0013,-0.0015,-0.1288,150.0000,0.0010,0.0013,, 1, 0, 0, 0, 0
0.0103,-0.0246,0.0085,-1.0153,-0.0012,-0.0037,0.0523,200.0000,0.0017,0.0012,, 1, 0, 0, 0, 0
0.0209,-0.0644,-0.0726,0.2110,-0.0019,-0.0103,-0.6096,153.0000,0.0059,0.0019,, 1, 0, 0, 0, 0
-0.0028,0.0894,-0.0565,1.8002,-0.0013,-0.0068,-0.4720,66.0000,-0.0008,0.0013,, 1, 0, 0, 0, 0
-0.0077,0.0461,-0.0221,1.6909,0.0013,-0.0072,-0.1708,55.0000,-0.0002,-0.0013,, 1, 0, 0, 0, 0
-0.0016,0.0644,0.0047,1.4252,0.0010,-0.0056,0.0420,17.0000,-0.0013,-0.0010,, 1, 0, 0, 0, 0
-0.0177,0.0119,0.0236,0.5788,0.0006,-0.0046,0.1897,121.0000,-0.0006,-0.0006,, 1, 0, 0, 0, 0
0.0072,0.0588,0.0268,-0.0333,0.0004,-0.0006,0.2176,157.0000,-0.0033,-0.0004,, 1, 0, 0, 0, 0
r-0.0103,-0.0506,0.0205,-1.0921,0.0011,-0.0019,0.1733,91.0000,0.0181,-0.0011,, 0, 0, 1, 0, 0
fr0.2137,-0.0541,-0.0157,-0.1471,0.0032,-0.0175,-0.1112,116.0000,0.0318,-0.0032,, 0, 0, 1, 0, 0
fr0.1552,-0.5225,0.0107,-3.1784,-0.0000,-0.0401,0.0449,87.0000,0.0605,0.0000,, 0, 0, 1, 0, 0
f0.1670,-0.6663,0.0164,-3.7644,-0.0009,-0.0500,0.0727,22.0000,0.0395,0.0009,, 0, 1, 0, 0, 0
r0.0899,-0.0693,0.0561,-0.5862,-0.0014,0.0077,0.4424,99.0000,0.0075,0.0014,, 0, 0, 1, 0, 0
0.0478,0.0292,-0.0246,-0.7317,-0.0014,0.0168,-0.1944,56.0000,-0.0013,0.0014,, 0, 0, 1, 0, 0
0.0097,-0.0211,0.0323,-1.3732,-0.0010,0.0165,0.2648,149.0000,0.0002,0.0010,, 0, 0, 1, 0, 0
0.0309,-0.0083,-0.0365,-1.6320,-0.0010,0.0173,-0.2844,8.0000,-0.0001,0.0010,, 0, 0, 1, 0, 0
0.0427,-0.0160,-0.0153,-1.7191,-0.0008,0.0163,-0.1138,35.0000,0.0012,0.0008,, 0, 0, 1, 0, 0
0.0149,0.0282,0.0169,-1.5110,0.0004,0.0178,0.1570,70.0000,-0.0008,-0.0004,, 0, 0, 1, 0, 0
0.0022,-0.0370,-0.0140,-1.5266,0.0007,0.0159,-0.0884,106.0000,0.0012,-0.0007,, 0, 0, 1, 0, 0
0.0274,0.0123,0.0035,-0.6947,0.0004,0.0151,0.0466,194.0000,0.0002,-0.0004,, 0, 0, 1, 0, 0
0.0073,-0.0132,0.0343,-0.1470,-0.0002,0.0115,0.2838,144.0000,0.0028,0.0002,, 0, 0, 1, 0, 0
0.0043,0.0694,0.0017,0.5268,-0.0005,0.0130,0.0221,167.0000,-0.0000,0.0005,, 0, 0, 1, 0, 0
r-0.0234,0.0969,-0.0022,-0.1012,-0.0004,0.0175,-0.0049,0.0000,-0.0033,0.0004,, 0, 0, 1, 0, 0
0.0004,-0.0314,0.0007,-1.3309,-0.0000,0.0157,0.0208,121.0000,0.0010,0.0000,, 0, 0, 1, 0, 0
0.0254,-0.0063,-0.0238,-1.5844,0.0013,0.0171,-0.1603,183.0000,0.0001,-0.0013,, 0, 0, 1, 0, 0
0.0368,-0.0131,0.0172,-2.0478,0.0047,0.0178,0.2028,10.0000,0.0003,-0.0047,, 0, 0, 1, 0, 0
0.0319,0.0518,-0.0284,-2.4859,0.0068,0.0217,-0.1375,197.0000,-0.0027,-0.0068,, 0, 0, 1, 0, 0
0.0196,-0.0386,-0.0142,-3.4555,0.0049,0.0215,-0.0434,92.0000,-0.0006,-0.0049,, 0, 0, 1, 0, 0
f-0.0196,0.0855,0.0311,-1.7439,0.0065,-0.0054,0.3083,26.0000,-0.0091,-0.0065,, 0, 1, 0, 0, 0
-0.0095,-0.1488,-0.0582,-0.4804,0.0003,-0.0277,-0.4906,61.0000,0.0106,-0.0003,, 0, 1, 0, 0, 0
r0.2580,0.2551,-0.0984,5.6107,-0.0124,-0.0080,-0.9194,22.0000,0.0108,0.0124,, 0, 0, 1, 0, 0
f-0.2907,-0.0921,-0.0567,2.6514,-0.0267,-0.0141,-0.7348,112.0000,-0.0092,0.0267,, 0, 1, 0, 0, 0
r-0.2496,-0.1716,-0.0189,3.5073,-0.0408,-0.0105,-0.5698,86.0000,0.0174,0.0408,, 0, 0, 1, 0, 0
fr-0.0763,0.8218,0.0265,9.2955,-0.0348,0.0408,-0.0954,195.0000,-0.0454,0.0348,, 0, 0, 1, 0, 0
f0.1008,-0.0079,0.0112,4.8751,-0.0243,-0.0280,-0.1817,4.0000,0.0002,0.0243,, 0, 1, 0, 0, 0
rf-0.0469,-0.6053,0.0622,-0.0481,-0.0157,-0.0503,0.2908,106.0000,0.0324,0.0157,, 0, 1, 0, 0, 0
r-0.1845,0.5380,0.1338,4.3521,-0.0097,0.0373,1.0105,110.0000,-0.0320,0.0097,, 0, 0, 1, 0, 0
0.1083,0.1300,0.0157,-0.2490,-0.0059,0.0243,0.0907,50.0000,-0.0098,0.0059,, 0, 0, 1, 0, 0
f0.2405,-0.2330,-0.0751,-4.1851,0.0052,-0.0187,-0.5675,90.0000,0.0090,-0.0052,, 0, 1, 0, 0, 0
s0.0339,-0.0526,-0.1124,-4.9639,0.0047,0.0073,-0.8446,118.0000,-0.0014,-0.0047,, 1, 0, 0, 0, 0
0.0610,-0.0360,-0.0240,-5.7154,0.0052,0.0102,-0.1291,184.0000,-0.0028,-0.0052,, 1, 0, 0, 0, 0
fr0.2778,0.4330,0.0021,-2.4927,0.0048,0.0375,0.1025,193.0000,-0.0185,-0.0048,, 0, 0, 1, 0, 0
f-0.2528,-0.3409,0.0816,-9.8945,0.0205,-0.0043,0.8536,3.0000,0.0061,-0.0205,, 0, 1, 0, 0, 0
0.0270,-0.1912,-0.0681,-7.0909,0.0230,-0.0150,-0.3293,1.0000,0.0112,-0.0230,, 0, 1, 0, 0, 0
0.0033,-0.1167,0.0530,-4.8027,0.0142,-0.0154,0.5505,29.0000,0.0070,-0.0142,, 0, 1, 0, 0, 0
-0.0186,-0.0743,-0.0408,-1.9316,0.0058,-0.0211,-0.2895,71.0000,0.0070,-0.0058,, 0, 1, 0, 0, 0
r-0.2409,0.2016,-0.0057,1.5043,-0.0027,0.0155,-0.0576,179.0000,-0.0046,0.0027,, 0, 0, 1, 0, 0
fr0.1732,0.5609,-0.1159,6.9267,-0.0101,0.0149,-1.0133,94.0000,-0.0147,0.0101,, 0, 0, 1, 0, 0
f0.1141,-0.4774,-0.0601,2.1969,-0.0147,-0.0545,-0.6816,63.0000,0.0321,0.0147,, 0, 1, 0, 0, 0
rf0.1253,-0.3480,-0.0992,4.9552,-0.0213,-0.0557,-1.0630,183.0000,0.0278,0.0213,, 0, 1, 0, 0, 0
r-0.2212,0.2069,-0.1888,8.4025,-0.0383,0.0028,-1.8899,81.0000,-0.0056,0.0383,, 0, 0, 1, 0, 0
-0.0007,0.0108,0.0780,7.9650,-0.0301,-0.0065,0.3166,141.0000,0.0046,0.0301,, 0, 0, 1, 0, 0
0.0094,0.1132,0.0181,7.5462,-0.0192,0.0032,-0.0442,144.0000,-0.0043,0.0192,, 0, 0, 1, 0, 0
r-0.0241,0.1287,0.0813,5.6052,-0.0165,0.0092,0.4949,14.0000,-0.0064,0.0165,, 0, 0, 1, 0, 0
-0.0006,0.1536,0.0141,2.6416,-0.0141,0.0189,-0.0089,50.0000,-0.0101,0.0141,, 0, 0, 1, 0, 0
f-0.0537,0.0969,0.0251,-0.8006,-0.0027,-0.0006,0.1729,181.0000,-0.0158,0.0027,, 0, 1, 0, 0, 0
r-0.1393,0.1315,0.0128,-2.6542,0.0038,0.0305,0.1711,98.0000,-0.0112,-0.0038,, 0, 0, 1, 0, 0
f-0.0010,0.0987,0.0557,-4.0466,0.0157,0.0032,0.6058,169.0000,-0.0131,-0.0157,, 0, 1, 0, 0, 0
rf-0.1125,-0.7416,0.0259,-10.2118,0.0154,-0.0323,0.3285,108.0000,0.0347,-0.0154,, 0, 1, 0, 0, 0
0.0376,-0.1035,-0.0699,-6.2598,0.0133,-0.0101,-0.4370,32.0000,0.0046,-0.0133,, 0, 1, 0, 0, 0
f0.0352,-0.0558,-0.0177,-5.3970,0.0125,-0.0096,-0.0260,34.0000,0.0024,-0.0125,, 0, 1, 0, 0, 0
0.0094,-0.0548,0.0160,-3.8375,0.0175,-0.0142,0.2888,155.0000,0.0039,-0.0175,, 0, 1, 0, 0, 0
r0.2275,0.3512,-0.0797,1.2389,0.0121,0.0118,-0.5047,70.0000,-0.0003,-0.0121,, 0, 0, 1, 0, 0
f-0.2366,0.0313,-0.0818,-2.7134,0.0020,0.0111,-0.6233,20.0000,-0.0237,-0.0020,, 0, 1, 0, 0, 0
r-0.1321,0.5091,-0.0569,2.5123,-0.0054,0.0354,-0.4733,83.0000,-0.0264,0.0054,, 0, 0, 1, 0, 0
f-0.0629,-0.6646,0.0241,-3.3335,-0.0113,-0.0495,0.0310,57.0000,0.0381,0.0113,, 0, 1, 0, 0, 0
r-0.0803,0.0421,-0.0834,1.6755,-0.0179,0.0055,-0.8406,85.0000,0.0052,0.0179,, 0, 0, 1, 0, 0
fr-0.0321,0.8160,-0.0850,5.9799,-0.0227,0.0446,-0.8627,67.0000,-0.0425,0.0227,, 0, 0, 1, 0, 0
f0.0780,-0.1147,0.0049,0.5698,-0.0209,-0.0233,-0.1924,127.0000,0.0041,0.0209,, 0, 1, 0, 0, 0
rf-0.1416,-0.4193,0.1051,-3.1428,-0.0181,-0.0218,0.6382,80.0000,0.0101,0.0181,, 0, 1, 0, 0, 0
r-0.1170,0.5758,-0.0348,2.8782,-0.0142,0.0395,-0.3808,88.0000,-0.0312,0.0142,, 0, 0, 1, 0, 0
s-0.0827,-0.2891,0.0754,-3.1902,-0.0110,-0.0061,0.4873,50.0000,0.0085,0.0110,, 1, 0, 0, 0, 0
0.0525,-0.0893,0.0189,-1.4814,-0.0053,-0.0044,0.0942,66.0000,0.0034,0.0053,, 1, 0, 0, 0, 0
0.0142,-0.0532,-0.0081,-0.9468,-0.0048,-0.0041,-0.1166,155.0000,0.0020,0.0048,, 1, 0, 0, 0, 0
0.0375,-0.0424,0.0121,-0.0811,-0.0051,-0.0079,0.0380,109.0000,0.0040,0.0051,, 1, 0, 0, 0, 0
-0.0213,0.0369,-0.0012,0.8828,-0.0063,-0.0067,-0.0792,159.0000,0.0009,0.0063,, 1, 0, 0, 0, 0
-0.0336,0.0592,0.0056,0.5800,-0.0071,-0.0040,-0.0299,50.0000,-0.0011,0.0071,, 1, 0, 0, 0, 0
-0.0104,0.0472,-0.0513,0.0367,-0.0042,-0.0019,-0.4544,77.0000,-0.0022,0.0042,, 1, 0, 0, 0, 0
-0.0352,0.0181,0.0486,-0.6272,0.0003,-0.0014,0.3905,39.0000,-0.0014,-0.0003,, 1, 0, 0, 0, 0
0.0032,-0.0486,-0.0065,-1.0328,0.0028,-0.0025,-0.0266,160.0000,0.0006,-0.0028,, 1, 0, 0, 0, 0
0.0176,-0.0450,-0.0117,-0.4235,0.0035,-0.0060,-0.0643,78.0000,0.0028,-0.0035,, 1, 0, 0, 0, 0
-0.0300,-0.0112,-0.0386,0.3132,0.0006,-0.0068,-0.3094,85.0000,0.0021,-0.0006,, 1, 0, 0, 0, 0
-0.0134,0.0592,-0.0072,0.8534,-0.0029,-0.0054,-0.0918,153.0000,-0.0003,0.0029,, 1, 0, 0, 0, 0
-0.0534,0.0385,-0.0030,0.1377,-0.0041,-0.0038,-0.0687,17.0000,-0.0005,0.0041,, 1, 0, 0, 0, 0
-0.0078,0.0269,0.0004,-0.5707,-0.0014,-0.0009,-0.0116,191.0000,-0.0019,0.0014,, 1, 0, 0, 0, 0
-0.0043,-0.0738,-0.0108,-1.2778,0.0017,-0.0033,-0.0721,95.0000,0.0019,-0.0017,, 1, 0, 0, 0, 0
0.0059,-0.0027,-0.0360,-0.4848,0.0021,-0.0041,-0.2703,5.0000,0.0010,-0.0021,, 1, 0, 0, 0, 0
0.0453,-0.0079,-0.0478,-0.0005,0.0002,-0.0058,-0.3864,177.0000,0.0018,-0.0002,, 1, 0, 0, 0, 0
-0.0095,0.0690,-0.0289,0.4044,-0.0022,-0.0029,-0.2562,5.0000,-0.0019,0.0022,, 1, 0, 0, 0, 0
-0.0446,0.0803,-0.1194,0.1329,-0.0021,-0.0002,-0.9763,20.0000,-0.0041,0.0021,, 1, 0, 0, 0, 0
r-0.0458,0.0604,-0.0201,-0.8097,-0.0044,0.0178,-0.1865,64.0000,-0.0022,0.0044,, 0, 0, 1, 0, 0
f0.0100,-0.0008,0.0445,-2.5118,0.0020,0.0213,0.3978,125.0000,-0.0343,-0.0020,, 0, 1, 0, 0, 0
-0.0832,-0.1034,-0.0297,-2.4501,0.0053,-0.0151,-0.2000,159.0000,0.0020,-0.0053,, 0, 1, 0, 0, 0
0.0146,-0.1707,0.0141,-0.1453,0.0046,-0.0276,0.1316,18.0000,0.0099,-0.0046,, 0, 1, 0, 0, 0
r-0.2252,0.5646,-0.0093,5.5801,-0.0030,0.0311,-0.0732,115.0000,-0.0282,0.0030,, 0, 0, 1, 0, 0
-0.0464,0.0973,-0.0463,3.3073,-0.0087,0.0077,-0.4504,95.0000,-0.0003,0.0087,, 0, 0, 1, 0, 0
0.0316,0.1135,-0.0244,2.4812,-0.0108,0.0134,-0.2898,4.0000,-0.0044,0.0108,, 0, 0, 1, 0, 0
0.0005,0.0737,-0.0305,0.8994,-0.0054,0.0169,-0.2806,170.0000,-0.0047,0.0054,, 0, 0, 1, 0, 0
0.0376,0.0013,0.0109,-0.9749,0.0019,0.0175,0.1235,166.0000,-0.0015,-0.0019,, 0, 0, 1, 0, 0
0.0459,-0.0115,0.0180,-1.8923,0.0097,0.0197,0.2606,13.0000,-0.0019,-0.0097,, 0, 0, 1, 0, 0
0.0006,0.0220,0.0484,-2.5843,0.0162,0.0221,0.5717,190.0000,-0.0030,-0.0162,, 0, 0, 1, 0, 0
0.0048,0.0468,0.0740,-3.5952,0.0242,0.0251,0.8588,81.0000,-0.0039,-0.0242,, 0, 0, 1, 0, 0
f0.1861,-0.5830,0.0387,-6.9750,0.0282,-0.0376,0.5541,108.0000,0.0336,-0.0282,, 0, 1, 0, 0, 0
0.0212,-0.0628,-0.0626,-3.5410,0.0255,-0.0145,-0.2600,64.0000,0.0036,-0.0255,, 0, 1, 0, 0, 0
0.0125,-0.0870,-0.0658,-1.3974,0.0177,-0.0221,-0.3713,188.0000,0.0069,-0.0177,, 0, 1, 0, 0, 0
r0.2662,0.4724,-0.1928,5.1085,0.0088,0.0132,-1.4414,15.0000,-0.0094,-0.0088,, 0, 0, 1, 0, 0
fr0.3695,0.1533,-0.1143,5.5451,0.0005,-0.0171,-0.9267,43.0000,0.0200,-0.0005,, 0, 0, 1, 0, 0
f0.2597,-0.0218,-0.0898,4.8959,-0.0051,-0.0295,-0.7989,12.0000,0.0017,0.0051,, 0, 1, 0, 0, 0
rf-0.1799,-0.5556,0.0798,1.5321,-0.0112,-0.0518,0.4747,199.0000,0.0307,0.0112,, 0, 1, 0, 0, 0
r-0.1689,0.4503,-0.0529,7.8444,-0.0208,0.0214,-0.6092,50.0000,-0.0231,0.0208,, 0, 0, 1, 0, 0
f0.0175,0.1961,0.1298,6.8414,-0.0134,-0.0206,0.8832,135.0000,-0.0111,0.0134,, 0, 1, 0, 0, 0
r-0.2610,0.2807,0.1054,5.6050,0.0004,0.0178,0.8646,72.0000,-0.0150,-0.0004,, 0, 0, 1, 0, 0
0.0120,0.0771,-0.0178,2.9708,0.0072,0.0119,-0.0585,118.0000,-0.0038,-0.0072,, 0, 0, 1, 0, 0
fr0.2295,0.4078,0.0153,3.6665,0.0103,0.0161,0.2418,197.0000,-0.0095,-0.0103,, 0, 0, 1, 0, 0
f0.1208,-0.5448,-0.0069,-5.4117,0.0138,-0.0309,0.0519,135.0000,0.0238,-0.0138,, 0, 1, 0, 0, 0
rf-0.2236,-0.6640,0.0416,-9.0294,0.0181,-0.0253,0.4887,25.0000,0.0253,-0.0181,, 0, 1, 0, 0, 0
r0.3751,-0.0027,-0.0771,-3.5331,0.0108,0.0003,-0.5086,76.0000,0.0207,-0.0108,, 0, 0, 1, 0, 0
0.0553,0.1323,-0.0631,-5.4016,0.0078,0.0345,-0.3923,33.0000,-0.0097,-0.0078,, 0, 0, 1, 0, 0
f-0.1306,0.0690,0.0005,-6.7059,0.0210,0.0068,0.2211,15.0000,-0.0114,-0.0210,, 0, 1, 0, 0, 0
-0.0270,-0.1545,-0.0859,-6.6638,0.0200,-0.0129,-0.5003,110.0000,0.0082,-0.0200,, 0, 1, 0, 0, 0
0.0053,-0.0568,-0.0769,-4.1692,0.0103,-0.0142,-0.5256,163.0000,0.0046,-0.0103,, 0, 1, 0, 0, 0
f-0.0073,-0.1327,-0.0353,-1.9663,0.0013,-0.0246,-0.2939,45.0000,0.0105,-0.0013,, 0, 1, 0, 0, 0
r0.0998,0.6328,-0.1604,5.8126,-0.0095,0.0255,-1.3531,97.0000,-0.0231,0.0095,, 0, 0, 1, 0, 0
f0.1394,0.0602,-0.0827,3.8606,-0.0134,-0.0267,-0.8229,110.0000,0.0010,0.0134,, 0, 1, 0, 0, 0
rf0.0004,-0.6659,-0.0292,1.0168,-0.0173,-0.0627,-0.4686,140.0000,0.0427,0.0173,, 0, 1, 0, 0, 0
r-0.1084,0.0778,-0.1018,5.5115,-0.0213,-0.0005,-1.0276,168.0000,0.0035,0.0213,, 0, 0, 1, 0, 0
0.0371,0.0472,-0.0254,5.6239,-0.0282,0.0025,-0.4829,139.0000,0.0003,0.0282,, 0, 0, 1, 0, 0
f-0.0193,0.2502,-0.0895,6.5132,-0.0205,-0.0139,-0.9346,171.0000,-0.0172,0.0205,, 0, 1, 0, 0, 0
r-0.2602,0.0377,0.0421,4.0591,-0.0039,0.0058,0.3034,51.0000,0.0001,0.0039,, 0, 0, 1, 0, 0
r-0.0186,0.0185,0.2934,2.7278,0.0021,0.0073,2.3759,66.0000,0.0013,-0.0021,, 0, 0, 1, 0, 0
0.0378,0.1657,0.0248,0.3327,0.0037,0.0254,0.2609,44.0000,-0.0121,-0.0037,, 0, 0, 1, 0, 0
f0.2260,-0.2972,-0.1305,-4.1684,0.0077,-0.0217,-0.9893,118.0000,0.0120,-0.0077,, 0, 1, 0, 0, 0
r-0.1603,0.2651,0.0556,-3.8532,0.0073,0.0418,0.5593,58.0000,-0.0201,-0.0073,, 0, 0, 1, 0, 0
fr0.1878,0.2320,-0.0553,-3.9598,0.0070,0.0157,-0.3564,166.0000,0.0062,-0.0070,, 0, 0, 1, 0, 0
f0.1866,-0.6619,0.1235,-10.5503,0.0141,-0.0323,1.0970,62.0000,0.0354,-0.0141,, 0, 1, 0, 0, 0
0.0785,-0.0970,0.0308,-7.4817,0.0238,-0.0055,0.4790,81.0000,0.0024,-0.0238,, 0, 1, 0, 0, 0
f-0.0020,-0.0859,0.0596,-5.8650,0.0157,-0.0114,0.6218,11.0000,0.0051,-0.0157,, 0, 1, 0, 0, 0
r-0.0074,-0.0622,0.0301,-2.9230,0.0056,-0.0165,0.2804,97.0000,0.0363,-0.0056,, 0, 0, 1, 0, 0
0.0298,0.0357,-0.0160,-1.6454,0.0010,0.0162,-0.1016,162.0000,0.0011,-0.0010,, 0, 0, 1, 0, 0
f-0.2109,-0.5704,0.0149,-4.6442,0.0011,-0.0348,0.0956,176.0000,0.0261,-0.0011,, 0, 1, 0, 0, 0
r0.0073,-0.1331,0.0023,1.4047,-0.0025,-0.0335,-0.0399,106.0000,0.0447,0.0025,, 0, 0, 1, 0, 0
f-0.0198,-0.5999,-0.0042,-0.2293,-0.0045,-0.0545,-0.1336,18.0000,0.0370,0.0045,, 0, 1, 0, 0, 0
rf-0.2194,0.2777,-0.0487,5.5892,-0.0054,0.0146,-0.4295,127.0000,-0.0438,0.0054,, 0, 1, 0, 0, 0
r0.0444,0.4567,0.0061,9.2155,-0.0023,0.0078,0.0336,6.0000,-0.0123,0.0023,, 0, 0, 1, 0, 0
-0.0621,0.2149,-0.2172,7.7829,-0.0051,0.0081,-1.7799,170.0000,-0.0097,0.0051,, 0, 0, 1, 0, 0
0.0277,0.0949,0.0011,7.1741,-0.0099,0.0032,-0.0868,85.0000,-0.0035,0.0099,, 0, 0, 1, 0, 0
r0.0090,0.0953,0.0895,6.0388,0.0001,0.0058,0.7235,164.0000,-0.0039,-0.0001,, 0, 0, 1, 0, 0
-0.0238,0.0897,0.1789,4.0984,0.0066,0.0104,1.5079,92.0000,-0.0046,-0.0066,, 0, 0, 1, 0, 0
f0.1266,-0.6037,0.0585,-1.8342,0.0076,-0.0461,0.4978,64.0000,0.0317,-0.0076,, 0, 1, 0, 0, 0
r-0.2163,0.5412,0.0586,1.7304,0.0041,0.0440,0.5544,34.0000,-0.0334,-0.0041,, 0, 0, 1, 0, 0
f0.0061,0.0610,-0.0368,-2.2202,0.0058,-0.0021,-0.2378,154.0000,-0.0115,-0.0058,, 0, 1, 0, 0, 0
rf-0.2524,-0.7216,0.2690,-8.5827,0.0121,-0.0321,2.2408,113.0000,0.0312,-0.0121,, 0, 1, 0, 0, 0
r0.1010,0.5702,-0.0252,-0.7602,0.0075,0.0462,-0.0798,99.0000,-0.0306,-0.0075,, 0, 0, 1, 0, 0
f0.1399,0.1402,0.0245,-4.0019,0.0102,0.0031,0.3016,142.0000,-0.0131,-0.0102,, 0, 1, 0, 0, 0
-0.0146,-0.1110,0.1229,-4.5979,0.0147,-0.0132,1.1165,36.0000,0.0043,-0.0147,, 0, 1, 0, 0, 0
f-0.0032,-0.0681,0.0033,-2.2644,0.0129,-0.0187,0.1371,74.0000,0.0052,-0.0129,, 0, 1, 0, 0, 0
r-0.1041,-0.0073,0.0009,-0.7346,-0.0003,0.0069,0.0112,106.0000,0.0086,0.0003,, 0, 0, 1, 0, 0
-0.0152,0.0874,-0.0385,0.1659,-0.0115,0.0147,-0.4083,133.0000,-0.0010,0.0115,, 0, 0, 1, 0, 0
rf0.0283,0.0440,0.0685,-0.9955,-0.0121,0.0176,0.4441,107.0000,-0.0336,0.0121,, 0, 1, 0, 0, 0
r-0.0751,0.0381,0.0268,0.3309,-0.0046,-0.0139,0.1545,101.0000,0.0272,0.0046,, 0, 0, 1, 0, 0
f0.3091,-0.1416,-0.0551,0.6267,0.0009,-0.0301,-0.4626,49.0000,0.0108,-0.0009,, 0, 1, 0, 0, 0
rf-0.3397,-0.4510,0.1434,-3.0051,-0.0030,-0.0295,1.0872,44.0000,0.0175,0.0030,, 0, 1, 0, 0, 0
r-0.2159,0.0167,0.0460,0.8691,-0.0092,0.0078,0.2840,33.0000,0.0045,0.0092,, 0, 0, 1, 0, 0
s-0.0286,-0.0019,0.0500,1.3418,-0.0058,-0.0083,0.3332,101.0000,0.0016,0.0058,, 1, 0, 0, 0, 0
0.0100,0.0195,-0.0034,1.7027,-0.0061,-0.0081,-0.0971,56.0000,0.0007,0.0061,, 1, 0, 0, 0, 0
-0.0109,0.0473,-0.0228,1.6427,-0.0047,-0.0054,-0.2347,31.0000,-0.0019,0.0047,, 1, 0, 0, 0, 0
-0.0142,0.0364,0.0725,1.2828,-0.0029,-0.0055,0.5450,178.0000,-0.0010,0.0029,, 1, 0, 0, 0, 0
-0.0093,0.0807,0.0153,0.5183,-0.0008,-0.0012,0.1136,79.0000,-0.0038,0.0008,, 1, 0, 0, 0, 0
0.0021,0.0468,-0.0028,-0.8293,0.0025,0.0017,0.0042,53.0000,-0.0041,-0.0025,, 1, 0, 0, 0, 0
0.0057,-0.0745,0.0276,-1.6669,0.0049,-0.0018,0.2679,110.0000,0.0011,-0.0049,, 1, 0, 0, 0, 0
0.0118,-0.0618,0.0625,-0.9425,0.0064,-0.0049,0.5596,171.0000,0.0028,-0.0064,, 1, 0, 0, 0, 0
0.0146,-0.0946,-0.0685,0.3664,0.0027,-0.0126,-0.5338,134.0000,0.0079,-0.0027,, 1, 0, 0, 0, 0
-0.0154,0.0208,0.0159,1.7031,-0.0005,-0.0097,0.1127,62.0000,0.0023,0.0005,, 1, 0, 0, 0, 0
-0.0215,0.1019,-0.0322,2.1252,-0.0024,-0.0058,-0.2872,62.0000,-0.0024,0.0024,, 1, 0, 0, 0, 0
-0.0067,0.0521,-0.0125,1.2112,-0.0015,-0.0051,-0.1206,45.0000,-0.0013,0.0015,, 1, 0, 0, 0, 0
-0.0212,0.0897,-0.0117,-0.0844,0.0001,0.0020,-0.0907,119.0000,-0.0058,-0.0001,, 1, 0, 0, 0, 0
0.0109,-0.0326,0.0732,-2.0619,0.0024,0.0019,0.6114,7.0000,-0.0018,-0.0024,, 1, 0, 0, 0, 0
0.0093,0.0048,-0.0277,-2.4792,0.0056,0.0036,-0.1614,170.0000,-0.0027,-0.0056,, 1, 0, 0, 0, 0
0.0526,-0.0401,-0.0318,-2.4872,0.0067,0.0014,-0.1859,91.0000,-0.0004,-0.0067,, 1, 0, 0, 0, 0
0.0017,-0.1055,0.0237,-1.5816,0.0066,-0.0072,0.2486,73.0000,0.0063,-0.0066,, 1, 0, 0, 0, 0
0.0002,-0.1138,-0.0995,0.2437,0.0032,-0.0141,-0.7784,10.0000,0.0096,-0.0032,, 1, 0, 0, 0, 0
-0.0052,0.0225,-0.0509,2.3551,-0.0039,-0.0118,-0.4583,159.0000,0.0031,0.0039,, 1, 0, 0, 0, 0
-0.0157,0.0352,-0.0284,3.5173,-0.0081,-0.0134,-0.3217,56.0000,0.0023,0.0081,, 1, 0, 0, 0, 0
-0.0256,0.1045,-0.0466,4.0447,-0.0074,-0.0105,-0.4573,50.0000,-0.0016,0.0074,, 1, 0, 0, 0, 0
-0.0254,0.1135,0.0221,3.2647,-0.0020,-0.0074,0.1497,24.0000,-0.0031,0.0020,, 1, 0, 0, 0, 0
-0.0333,0.1139,0.0361,1.6673,0.0002,-0.0016,0.2896,75.0000,-0.0057,-0.0002,, 1, 0, 0, 0, 0
-0.0505,0.0737,0.0097,-0.9619,0.0010,0.0035,0.0909,128.0000,-0.0055,-0.0010,, 1, 0, 0, 0, 0
0.0239,-0.0087,-0.0340,-3.2725,0.0022,0.0070,-0.2429,107.0000,-0.0044,-0.0022,, 1, 0, 0, 0, 0
0.0574,-0.0209,-0.0330,-4.9219,0.0037,0.0087,-0.2189,101.0000,-0.0029,-0.0037,, 1, 0, 0, 0, 0
0.0633,-0.0164,0.0353,-6.0387,0.0107,0.0122,0.4021,148.0000,-0.0041,-0.0107,, 1, 0, 0, 0, 0
rf-0.3038,0.0826,0.0172,-7.3419,0.0145,0.0255,0.3084,158.0000,-0.0288,-0.0145,, 0, 1, 0, 0, 0
r-0.2232,0.5024,0.0272,-3.8636,0.0099,0.0530,0.3694,157.0000,-0.0313,-0.0099,, 0, 0, 1, 0, 0
f0.0467,0.0648,0.0351,-4.7206,0.0020,-0.0013,0.2989,46.0000,-0.0072,-0.0020,, 0, 1, 0, 0, 0
rf-0.2436,-0.4209,-0.0065,-7.9160,-0.0099,-0.0125,-0.1632,34.0000,0.0103,0.0099,, 0, 1, 0, 0, 0
r0.0728,-0.2121,-0.1162,-3.4513,-0.0163,-0.0221,-1.1144,130.0000,0.0430,0.0163,, 0, 0, 1, 0, 0
f-0.0031,-0.6723,0.0248,-5.2676,-0.0193,-0.0458,-0.0401,103.0000,0.0384,0.0193,, 0, 1, 0, 0, 0
r-0.1266,0.5333,-0.0845,3.1569,-0.0248,0.0320,-0.8914,124.0000,-0.0244,0.0248,, 0, 0, 1, 0, 0
f0.1578,-0.1316,0.0590,1.8117,-0.0231,-0.0320,0.2093,131.0000,0.0104,0.0231,, 0, 1, 0, 0, 0
rf-0.2727,-0.2948,-0.0193,0.5551,-0.0272,-0.0251,-0.4510,134.0000,0.0060,0.0272,, 0, 1, 0, 0, 0
r-0.2007,0.4282,0.1446,6.0287,-0.0238,0.0245,0.9429,153.0000,-0.0226,0.0238,, 0, 0, 1, 0, 0
fr0.1234,0.2976,-0.0336,7.6137,-0.0182,-0.0063,-0.4567,143.0000,0.0051,0.0182,, 0, 0, 1, 0, 0
f0.1986,-0.4354,0.0545,4.1362,-0.0139,-0.0549,0.2424,83.0000,0.0287,0.0139,, 0, 1, 0, 0, 0
r-0.0760,0.7777,-0.0754,11.0549,-0.0162,0.0324,-0.7332,24.0000,-0.0405,0.0162,, 0, 0, 1, 0, 0
f-0.1853,0.0374,0.0300,5.7580,-0.0206,-0.0031,0.0306,186.0000,-0.0264,0.0206,, 0, 1, 0, 0, 0
-0.0584,-0.0759,-0.0008,5.7086,-0.0116,-0.0359,-0.1580,149.0000,0.0065,0.0116,, 0, 1, 0, 0, 0
-0.0203,0.0530,0.1131,6.1359,0.0037,-0.0289,0.9134,190.0000,-0.0013,-0.0037,, 0, 1, 0, 0, 0
-0.0307,0.0646,0.1233,4.8032,0.0175,-0.0233,1.1377,166.0000,-0.0043,-0.0175,, 0, 1, 0, 0, 0
-0.0344,0.1406,0.0077,3.1054,0.0265,-0.0162,0.3109,180.0000,-0.0080,-0.0265,, 0, 1, 0, 0, 0
-0.0638,0.1051,0.0245,-0.0076,0.0282,-0.0085,0.4697,141.0000,-0.0095,-0.0282,, 0, 1, 0, 0, 0
fr0.0770,-0.0025,0.0359,-2.5542,0.0328,-0.0040,0.6111,163.0000,0.0231,-0.0328,, 0, 0, 1, 0, 0
f-0.2117,-0.1873,0.0617,-8.8831,0.0397,0.0141,0.9047,173.0000,-0.0144,-0.0397,, 0, 1, 0, 0, 0
-0.0411,-0.1753,-0.0473,-10.0303,0.0399,-0.0012,0.0193,72.0000,0.0033,-0.0399,, 0, 1, 0, 0, 0
r-0.1691,0.4760,-0.0286,-8.4285,0.0329,0.0650,0.1650,13.0000,-0.0341,-0.0329,, 0, 0, 1, 0, 0
