-0.0357,-0.3681,0.0444,-3.3396,0.0025,-0.0269,0.3533,80.0000,0.0156,-0.0025,, 0, 1, 0, 0, 0
0.0111,-0.1025,-0.0455,-0.4672,0.0029,-0.0227,-0.3583,132.0000,0.0056,-0.0029,, 0, 1, 0, 0, 0
-0.1975,0.2786,0.0244,1.7765,0.0005,0.0217,0.2224,119.0000,-0.0113,-0.0005,, 0, 0, 1, 0, 0
0.0042,0.0947,0.0219,0.0839,0.0013,0.0170,0.2052,199.0000,-0.0032,-0.0013,, 0, 0, 1, 0, 0
0.0119,0.0029,0.0148,-1.7262,0.0045,0.0211,0.1843,110.0000,-0.0036,-0.0045,, 0, 0, 1, 0, 0
-0.0920,0.0254,0.0550,-1.5353,0.0091,-0.0089,0.5221,177.0000,-0.0060,-0.0091,, 0, 1, 0, 0, 0
0.0142,-0.1326,0.0125,-0.5031,0.0107,-0.0260,0.1814,40.0000,0.0090,-0.0107,, 0, 1, 0, 0, 0
-0.0043,0.0273,0.0481,1.8963,0.0132,-0.0251,0.4920,126.0000,0.0033,-0.0132,, 0, 1, 0, 0, 0
-0.1977,0.2402,-0.0999,3.0792,0.0091,0.0175,-0.6907,108.0000,-0.0097,-0.0091,, 0, 0, 1, 0, 0
0.0113,0.1392,-0.0627,1.7937,0.0062,0.0161,-0.4236,151.0000,-0.0057,-0.0062,, 0, 0, 1, 0, 0
-0.0305,0.1496,-0.0571,-0.1202,0.0074,0.0243,-0.3589,22.0000,-0.0100,-0.0074,, 0, 0, 1, 0, 0
0.0324,0.0164,-0.0413,-2.3456,0.0067,0.0238,-0.2397,67.0000,-0.0051,-0.0067,, 0, 0, 1, 0, 0
0.0191,-0.0759,-0.0185,-3.2532,0.0083,0.0204,-0.0449,170.0000,0.0001,-0.0083,, 0, 0, 1, 0, 0
0.0163,-0.0422,-0.0017,-2.6909,0.0079,0.0194,0.0845,61.0000,-0.0000,-0.0079,, 0, 0, 1, 0, 0
0.0343,-0.0974,0.0052,-1.7820,0.0056,0.0129,0.1109,20.0000,0.0047,-0.0056,, 0, 0, 1, 0, 0
0.0175,-0.1088,-0.0177,0.1144,0.0040,0.0029,-0.0990,143.0000,0.0108,-0.0040,, 0, 0, 1, 0, 0
0.0207,0.0490,-0.0390,2.2645,0.0005,0.0072,-0.2998,76.0000,0.0023,-0.0005,, 0, 0, 1, 0, 0
-0.0197,0.1163,0.0164,2.9537,-0.0001,0.0099,0.1398,150.0000,-0.0018,0.0001,, 0, 0, 1, 0, 0
0.0009,0.0839,-0.0126,2.3951,-0.0012,0.0114,-0.1018,17.0000,-0.0022,0.0012,, 0, 0, 1, 0, 0
0.0215,0.1168,-0.0132,1.5030,-0.0021,0.0156,-0.1104,19.0000,-0.0046,0.0021,, 0, 0, 1, 0, 0
0.0283,0.0910,0.0545,-0.7330,-0.0002,0.0230,0.4568,63.0000,-0.0075,0.0002,, 0, 0, 1, 0, 0
0.0292,-0.0597,0.0168,-2.7716,0.0046,0.0219,0.2027,65.0000,-0.0024,-0.0046,, 0, 0, 1, 0, 0
0.0451,-0.0699,0.0143,-2.7766,0.0106,0.0186,0.2383,172.0000,0.0010,-0.0106,, 0, 0, 1, 0, 0
0.0358,-0.0521,-0.0551,-2.2174,0.0115,0.0169,-0.3096,111.0000,0.0016,-0.0115,, 0, 0, 1, 0, 0
0.0435,-0.1103,-0.0218,-0.9760,0.0088,0.0094,-0.0769,141.0000,0.0065,-0.0088,, 0, 0, 1, 0, 0
0.0175,-0.0112,-0.0194,1.2906,0.0070,0.0060,-0.0797,168.0000,0.0054,-0.0070,, 0, 0, 1, 0, 0
-0.0089,0.1019,-0.0017,2.6275,0.0048,0.0089,0.0432,175.0000,-0.0001,-0.0048,, 0, 0, 1, 0, 0
-0.0000,0.1077,0.0043,2.1956,0.0028,0.0126,0.0751,27.0000,-0.0030,-0.0028,, 0, 0, 1, 0, 0
0.0043,0.0681,0.0087,1.2541,0.0010,0.0144,0.0940,1.0000,-0.0029,-0.0010,, 0, 0, 1, 0, 0
-0.0227,0.0855,0.0472,0.0273,0.0011,0.0190,0.4079,72.0000,-0.0051,-0.0011,, 0, 0, 1, 0, 0
0.0464,-0.0775,0.0025,-1.7796,0.0037,0.0174,0.0744,171.0000,0.0001,-0.0037,, 0, 0, 1, 0, 0
0.0422,-0.0682,0.0220,-1.5237,0.0051,0.0153,0.2420,199.0000,0.0017,-0.0051,, 0, 0, 1, 0, 0
0.0260,-0.0314,-0.0579,-1.0718,0.0042,0.0143,-0.4070,72.0000,0.0019,-0.0042,, 0, 0, 1, 0, 0
0.1468,-0.6718,0.0907,-3.4979,0.0055,-0.0508,0.7303,82.0000,0.0398,-0.0055,, 0, 1, 0, 0, 0
0.0137,-0.0628,0.0101,1.3990,0.0077,-0.0279,0.1304,100.0000,0.0071,-0.0077,, 0, 1, 0, 0, 0
0.2467,0.5383,-0.0566,6.8999,0.0080,0.0134,-0.3590,190.0000,-0.0132,-0.0080,, 0, 0, 1, 0, 0
-0.0506,0.2120,0.0127,3.7686,0.0032,0.0152,0.1490,45.0000,-0.0088,-0.0032,, 0, 0, 1, 0, 0
0.0068,0.0907,-0.0066,1.5732,0.0021,0.0158,-0.0163,113.0000,-0.0050,-0.0021,, 0, 0, 1, 0, 0
0.0134,0.0793,0.0682,-0.8359,0.0043,0.0225,0.6108,168.0000,-0.0068,-0.0043,, 0, 0, 1, 0, 0
0.0139,-0.0037,0.0381,-2.9013,0.0101,0.0234,0.4291,161.0000,-0.0036,-0.0101,, 0, 0, 1, 0, 0
0.0495,-0.0378,-0.0220,-4.3754,0.0169,0.0257,0.0190,195.0000,-0.0030,-0.0169,, 0, 0, 1, 0, 0
0.0482,-0.0310,-0.0242,-4.5161,0.0210,0.0254,0.0414,132.0000,-0.0024,-0.0210,, 0, 0, 1, 0, 0
0.0317,-0.0997,0.0239,-3.9326,0.0230,0.0180,0.4390,82.0000,0.0039,-0.0230,, 0, 0, 1, 0, 0
0.0505,-0.1423,-0.0550,-2.1527,0.0209,0.0095,-0.2216,164.0000,0.0088,-0.0209,, 0, 0, 1, 0, 0
0.0134,-0.0296,0.0125,1.1851,0.0158,0.0056,0.2640,110.0000,0.0061,-0.0158,, 0, 0, 1, 0, 0
-0.0224,0.0578,0.0021,3.4744,0.0083,0.0028,0.1031,154.0000,0.0043,-0.0083,, 0, 0, 1, 0, 0
-0.0230,0.0858,0.0666,4.2378,0.0056,0.0045,0.5931,162.0000,0.0010,-0.0056,, 0, 0, 1, 0, 0
-0.0176,0.0982,0.0212,4.0022,0.0036,0.0085,0.2136,194.0000,-0.0025,-0.0036,, 0, 0, 1, 0, 0
-0.0235,0.1152,0.0131,3.2826,-0.0002,0.0119,0.1142,157.0000,-0.0045,0.0002,, 0, 0, 1, 0, 0
-0.0441,0.0632,-0.0046,1.5704,0.0008,-0.0032,-0.0320,131.0000,-0.0040,-0.0008,, 1, 0, 0, 0, 0
0.0131,0.0296,0.0137,0.1590,0.0019,-0.0013,0.1276,24.0000,-0.0170,-0.0019,, 0, 1, 0, 0, 0
0.1110,-0.0517,0.0240,0.3839,0.0056,-0.0155,0.2324,150.0000,0.0287,-0.0056,, 0, 0, 1, 0, 0
-0.0328,-0.5866,0.0915,-4.6537,0.0051,-0.0360,0.7478,155.0000,0.0273,-0.0051,, 0, 1, 0, 0, 0
-0.0526,0.5995,-0.0013,2.3247,0.0043,0.0431,0.0758,71.0000,-0.0337,-0.0043,, 0, 0, 1, 0, 0
0.0205,-0.0128,0.0292,-1.6533,0.0019,0.0185,0.2708,192.0000,-0.0012,-0.0019,, 0, 0, 1, 0, 0
0.0383,-0.0234,-0.0196,-1.7022,0.0020,0.0173,-0.1196,11.0000,0.0001,-0.0020,, 0, 0, 1, 0, 0
0.0270,-0.0640,-0.0246,-1.1491,0.0003,0.0128,-0.1815,55.0000,0.0035,-0.0003,, 0, 0, 1, 0, 0
0.0659,-0.0941,-0.0354,0.0141,0.0001,0.0059,-0.2767,5.0000,0.0081,-0.0001,, 0, 0, 1, 0, 0
0.0058,0.0781,-0.0650,1.4085,-0.0018,0.0112,-0.5270,97.0000,-0.0001,0.0018,, 0, 0, 1, 0, 0
0.0036,0.1194,0.0180,1.3720,-0.0037,0.0150,0.1216,36.0000,-0.0038,0.0037,, 0, 0, 1, 0, 0
-0.0077,0.0773,0.0273,0.2076,-0.0020,0.0155,0.2140,121.0000,-0.0019,0.0020,, 0, 0, 1, 0, 0
0.0461,-0.0196,0.0180,-1.5036,-0.0010,0.0190,0.1530,67.0000,-0.0020,0.0010,, 0, 0, 1, 0, 0
0.0175,-0.0821,0.0224,-1.8427,0.0013,0.0158,0.2085,91.0000,0.0019,-0.0013,, 0, 0, 1, 0, 0
0.0254,-0.0510,-0.0209,-1.0116,0.0015,0.0134,-0.1387,139.0000,0.0026,-0.0015,, 0, 0, 1, 0, 0
-0.0111,-0.0634,0.0259,-0.2180,0.0006,0.0092,0.2222,86.0000,0.0052,-0.0006,, 0, 0, 1, 0, 0
0.0092,0.0528,-0.0102,0.9062,-0.0007,0.0120,-0.0771,143.0000,0.0002,0.0007,, 0, 0, 1, 0, 0
0.0051,0.0691,0.0220,0.8610,-0.0011,0.0136,0.1781,37.0000,-0.0013,0.0011,, 0, 0, 1, 0, 0
0.0240,0.0707,0.0296,0.3678,-0.0012,0.0174,0.2420,94.0000,-0.0041,0.0012,, 0, 0, 1, 0, 0
0.0337,-0.0139,-0.0237,-0.4619,-0.0007,0.0152,-0.1814,83.0000,-0.0003,0.0007,, 0, 0, 1, 0, 0
-0.0021,-0.0374,0.0045,-0.5077,-0.0010,0.0136,0.0399,37.0000,0.0014,0.0010,, 0, 0, 1, 0, 0
0.0491,-0.0398,-0.0451,-0.1848,-0.0020,0.0116,-0.3693,11.0000,0.0028,0.0020,, 0, 0, 1, 0, 0
0.0149,0.0334,-0.0152,0.4767,-0.0032,0.0126,-0.1410,33.0000,0.0005,0.0032,, 0, 0, 1, 0, 0
0.0287,0.0574,0.0275,0.3009,-0.0018,0.0152,0.2169,77.0000,-0.0018,0.0018,, 0, 0, 1, 0, 0
0.0298,0.0057,-0.0118,-0.4634,-0.0013,0.0162,-0.0911,66.0000,-0.0012,0.0013,, 0, 0, 1, 0, 0
0.0101,-0.0413,-0.0022,-0.4971,0.0003,0.0130,-0.0023,9.0000,0.0020,-0.0003,, 0, 0, 1, 0, 0
0.0644,0.0104,0.0388,0.2629,0.0026,0.0140,0.3499,1.0000,-0.0006,-0.0026,, 0, 0, 1, 0, 0
0.0041,0.0458,-0.0018,0.5588,-0.0008,0.0135,-0.0095,46.0000,-0.0006,0.0008,, 0, 0, 1, 0, 0
0.0045,0.1222,0.0319,0.1857,-0.0014,0.0188,0.2599,93.0000,-0.0052,0.0014,, 0, 0, 1, 0, 0
0.0240,-0.0500,-0.0268,-1.3162,-0.0002,0.0166,-0.1995,24.0000,0.0001,0.0002,, 0, 0, 1, 0, 0
0.0256,-0.0995,-0.0248,-0.9717,0.0002,0.0117,-0.1847,106.0000,0.0043,-0.0002,, 0, 0, 1, 0, 0
0.0321,0.0191,0.0265,0.6592,0.0004,0.0128,0.2290,80.0000,-0.0001,-0.0004,, 0, 0, 1, 0, 0
0.0111,0.0578,-0.0549,1.1678,-0.0005,0.0116,-0.4323,171.0000,0.0001,0.0005,, 0, 0, 1, 0, 0
-0.0030,0.1066,0.0060,0.9958,-0.0000,0.0146,0.0626,84.0000,-0.0026,0.0000,, 0, 0, 1, 0, 0
-0.0240,0.0394,0.0079,-0.2966,-0.0009,0.0169,0.0712,122.0000,-0.0023,0.0009,, 0, 0, 1, 0, 0
0.0210,0.0079,0.0080,-1.0430,0.0002,0.0188,0.0851,44.0000,-0.0027,-0.0002,, 0, 0, 1, 0, 0
0.0558,-0.0428,0.0187,-0.9520,0.0004,0.0150,0.1681,123.0000,0.0009,-0.0004,, 0, 0, 1, 0, 0
0.0257,-0.0765,0.0231,-0.1497,-0.0001,0.0097,0.1929,62.0000,0.0046,0.0001,, 0, 0, 1, 0, 0
0.0853,-0.6904,0.0071,-2.2468,0.0004,-0.0551,0.0056,18.0000,0.0416,-0.0004,, 0, 1, 0, 0, 0
-0.0014,-0.0205,0.0694,3.5691,0.0005,-0.0318,0.5283,12.0000,0.0066,-0.0005,, 0, 1, 0, 0, 0
-0.0281,0.0795,-0.1684,5.4184,-0.0058,-0.0301,-1.4356,67.0000,0.0013,0.0058,, 0, 1, 0, 0, 0
-0.1253,0.0261,-0.0245,5.1845,-0.0155,-0.0034,-0.3543,197.0000,0.0070,0.0155,, 0, 0, 1, 0, 0
0.0066,0.1887,0.0216,3.4799,-0.0201,0.0160,-0.0120,115.0000,-0.0090,0.0201,, 0, 0, 1, 0, 0
-0.0255,0.0717,0.0681,0.0290,-0.0099,0.0217,0.4672,89.0000,-0.0078,0.0099,, 0, 0, 1, 0, 0
0.0082,-0.0588,0.1101,-2.9436,0.0046,0.0236,0.9504,131.0000,-0.0038,-0.0046,, 0, 0, 1, 0, 0
0.0395,0.0015,0.0729,-4.1813,0.0281,0.0279,0.8919,182.0000,-0.0055,-0.0281,, 0, 0, 1, 0, 0
0.0784,-0.1042,0.0168,-5.0322,0.0509,0.0225,0.6663,72.0000,0.0015,-0.0509,, 0, 0, 1, 0, 0
0.0490,-0.0629,0.0788,-4.7909,0.0749,0.0212,1.4001,187.0000,0.0024,-0.0749,, 0, 0, 1, 0, 0
0.0422,-0.1244,0.0477,-3.9817,0.0881,0.0163,1.2786,137.0000,0.0057,-0.0881,, 0, 0, 1, 0, 0
0.0197,-0.0626,-0.0503,-1.9111,0.0827,0.0115,0.4357,39.0000,0.0064,-0.0827,, 0, 0, 1, 0, 0
0.0272,0.0096,-0.1126,-0.0087,0.0685,0.0096,-0.2061,153.0000,0.0044,-0.0685,, 0, 0, 1, 0, 0
0.0111,0.0624,-0.0416,1.1810,0.0517,0.0089,0.1938,28.0000,0.0027,-0.0517,, 0, 0, 1, 0, 0
0.0269,0.0777,-0.0093,1.3151,0.0371,0.0130,0.3096,166.0000,-0.0016,-0.0371,, 0, 0, 1, 0, 0
-0.0028,0.0898,-0.0739,0.8277,0.0253,0.0156,-0.3232,73.0000,-0.0033,-0.0253,, 0, 0, 1, 0, 0
-0.0358,0.0662,-0.1361,-0.2155,0.0188,0.0178,-0.8830,102.0000,-0.0034,-0.0188,, 0, 0, 1, 0, 0
-0.0005,-0.0149,-0.0053,-1.1951,0.0125,0.0181,0.1010,18.0000,-0.0017,-0.0125,, 0, 0, 1, 0, 0
0.0462,-0.0536,0.0021,-0.7851,0.0090,0.0141,0.1217,101.0000,0.0015,-0.0090,, 0, 0, 1, 0, 0
-0.0937,-0.3588,0.0117,-1.7029,0.0037,-0.0155,0.1158,43.0000,0.0149,-0.0037,, 1, 0, 0, 0, 0
0.0009,-0.0548,0.0056,2.4505,0.0019,-0.0174,0.0460,132.0000,0.0085,-0.0019,, 1, 0, 0, 0, 0
-0.0121,0.0461,-0.0181,4.0506,0.0014,-0.0144,-0.1450,76.0000,0.0023,-0.0014,, 1, 0, 0, 0, 0
0.0402,0.0743,0.0141,4.3295,-0.0020,0.0033,0.0962,195.0000,0.0020,0.0020,, 0, 0, 1, 0, 0
-0.0217,0.1199,0.0191,3.3157,-0.0062,0.0127,0.1034,1.0000,-0.0053,0.0062,, 0, 0, 1, 0, 0
-0.0141,0.1885,-0.0190,1.0599,-0.0028,0.0215,-0.1583,33.0000,-0.0096,0.0028,, 0, 0, 1, 0, 0
0.0293,0.0747,0.0640,-2.9939,0.0063,0.0306,0.6055,141.0000,-0.0106,-0.0063,, 0, 0, 1, 0, 0
0.0088,-0.0649,0.1470,-5.5302,0.0206,0.0285,1.4104,82.0000,-0.0035,-0.0206,, 0, 0, 1, 0, 0
0.0469,-0.0823,0.1572,-6.7916,0.0391,0.0289,1.6774,69.0000,-0.0013,-0.0391,, 0, 0, 1, 0, 0
0.0756,-0.0592,0.0645,-6.7440,0.0464,0.0267,1.0064,172.0000,0.0008,-0.0464,, 0, 0, 1, 0, 0
0.0727,-0.0934,0.0484,-6.1124,0.0518,0.0238,0.9292,96.0000,0.0024,-0.0518,, 0, 0, 1, 0, 0
0.0308,-0.0574,-0.0212,-4.2948,0.0630,0.0179,0.4783,151.0000,0.0047,-0.0630,, 0, 0, 1, 0, 0
0.0183,-0.0437,-0.1075,-2.5064,0.0563,0.0141,-0.2827,3.0000,0.0049,-0.0563,, 0, 0, 1, 0, 0
0.0307,-0.0923,-0.0018,-0.0560,0.0422,0.0041,0.4114,66.0000,0.0100,-0.0422,, 0, 0, 1, 0, 0
0.0092,0.0420,-0.0734,3.1080,0.0250,0.0018,-0.3359,32.0000,0.0060,-0.0250,, 0, 0, 1, 0, 0
-0.0267,0.0476,-0.0400,4.5854,0.0061,0.0021,-0.2567,15.0000,0.0027,-0.0061,, 0, 0, 1, 0, 0
-0.0449,0.0233,-0.0216,5.6546,0.0015,-0.0018,-0.1589,155.0000,0.0044,-0.0015,, 0, 0, 1, 0, 0
0.0334,0.1027,0.0104,6.4831,0.0053,0.0023,0.1386,172.0000,-0.0012,-0.0053,, 0, 0, 1, 0, 0
-0.0088,0.0763,0.0934,6.0372,0.0057,0.0035,0.8079,198.0000,-0.0015,-0.0057,, 0, 0, 1, 0, 0
-0.0173,0.1194,-0.1532,5.2473,0.0001,0.0083,-1.2164,176.0000,-0.0048,-0.0001,, 0, 0, 1, 0, 0
0.0135,0.1019,0.0307,3.6653,-0.0018,0.0114,0.2382,28.0000,-0.0047,0.0018,, 0, 0, 1, 0, 0
0.2415,-0.0699,0.0670,0.3474,0.0030,-0.0184,0.5483,132.0000,-0.0003,-0.0030,, 0, 1, 0, 0, 0
0.0253,0.0666,0.1146,-2.9841,0.0128,0.0242,1.0688,3.0000,-0.0362,-0.0128,, 0, 1, 0, 0, 0
0.0525,0.5049,-0.0173,-0.9132,0.0299,0.0487,0.2095,183.0000,-0.0329,-0.0299,, 0, 0, 1, 0, 0
0.0681,0.0341,-0.0017,-3.4431,0.0398,-0.0013,0.3826,36.0000,-0.0098,-0.0398,, 0, 1, 0, 0, 0
0.0937,-0.1083,-0.0190,-2.9262,0.0374,0.0126,0.2339,185.0000,0.0072,-0.0374,, 0, 0, 1, 0, 0
0.0108,-0.0337,-0.0152,-2.3565,0.0291,0.0147,0.1847,158.0000,-0.0280,-0.0291,, 0, 1, 0, 0, 0
-0.0574,-0.0947,-0.1309,0.0101,0.0250,-0.0262,-0.8239,138.0000,0.0082,-0.0250,, 0, 1, 0, 0, 0
-0.0756,-0.0109,-0.0447,1.9915,0.0184,-0.0007,-0.1748,37.0000,0.0107,-0.0184,, 0, 0, 1, 0, 0
-0.0030,0.0986,-0.0085,2.5736,0.0133,0.0099,0.0751,125.0000,-0.0011,-0.0133,, 0, 0, 1, 0, 0
0.0050,0.0927,0.0028,1.6580,0.0079,0.0149,0.1161,147.0000,-0.0042,-0.0079,, 0, 0, 1, 0, 0
-0.0052,0.1266,-0.0158,0.2114,0.0062,0.0192,-0.0454,40.0000,-0.0056,-0.0062,, 0, 0, 1, 0, 0
0.0160,-0.0107,-0.0066,-2.4024,0.0087,0.0223,0.0562,133.0000,-0.0035,-0.0087,, 0, 0, 1, 0, 0
0.0475,0.0124,0.0115,-3.4060,0.0139,0.0241,0.2551,29.0000,-0.0033,-0.0139,, 0, 0, 1, 0, 0
0.0317,-0.0681,-0.0230,-4.5956,0.0148,0.0237,-0.0121,22.0000,-0.0005,-0.0148,, 0, 0, 1, 0, 0
0.0572,-0.0310,0.0069,-4.1490,0.0144,0.0230,0.2223,172.0000,-0.0007,-0.0144,, 0, 0, 1, 0, 0
0.0651,-0.0524,0.0183,-3.3522,0.0147,0.0180,0.3107,171.0000,0.0028,-0.0147,, 0, 0, 1, 0, 0
0.0358,-0.0986,-0.0366,-1.9112,0.0128,0.0110,-0.1543,94.0000,0.0069,-0.0128,, 0, 0, 1, 0, 0
0.0526,-0.0164,0.0180,0.9973,0.0096,0.0069,0.2466,31.0000,0.0051,-0.0096,, 0, 0, 1, 0, 0
-0.0061,0.0558,-0.0108,2.4567,0.0058,0.0055,-0.0223,19.0000,0.0036,-0.0058,, 0, 0, 1, 0, 0
-0.0000,0.0280,-0.0009,2.7138,0.0029,0.0067,0.0284,102.0000,0.0018,-0.0029,, 0, 0, 1, 0, 0
-0.0157,0.0594,-0.0393,3.1641,0.0028,0.0081,-0.2778,0.0000,-0.0005,-0.0028,, 0, 0, 1, 0, 0
-0.0083,0.0276,-0.0094,2.9509,0.0018,0.0088,-0.0485,116.0000,-0.0007,-0.0018,, 0, 0, 1, 0, 0
-0.0004,0.1019,0.0159,2.6418,0.0011,0.0135,0.1516,4.0000,-0.0048,-0.0011,, 0, 0, 1, 0, 0
-0.0248,0.2280,0.0031,0.6509,0.0006,0.0252,0.0558,191.0000,-0.0125,-0.0006,, 0, 0, 1, 0, 0
0.0365,-0.0203,0.0065,-3.0587,0.0016,0.0243,0.0931,46.0000,-0.0042,-0.0016,, 0, 0, 1, 0, 0
0.0428,-0.0681,0.0352,-4.2899,0.0022,0.0233,0.3272,61.0000,-0.0007,-0.0022,, 0, 0, 1, 0, 0
0.0337,-0.0653,0.0494,-4.9631,0.0054,0.0233,0.4732,200.0000,0.0006,-0.0054,, 0, 0, 1, 0, 0
0.0251,-0.0648,0.0653,-4.6852,0.0051,0.0225,0.5957,103.0000,0.0009,-0.0051,, 0, 0, 1, 0, 0
0.0613,-0.2057,-0.0100,-3.4486,0.0133,0.0099,0.0630,69.0000,0.0110,-0.0133,, 0, 0, 1, 0, 0
0.0160,-0.0707,-0.0611,-0.0291,0.0107,0.0065,-0.3751,97.0000,0.0075,-0.0107,, 0, 0, 1, 0, 0
0.0087,0.0449,-0.0591,3.0784,0.0001,0.0022,-0.4697,51.0000,0.0056,-0.0001,, 0, 0, 1, 0, 0
0.0076,0.1612,-0.0618,4.9977,-0.0058,0.0055,-0.5471,54.0000,-0.0015,0.0058,, 0, 0, 1, 0, 0
-0.0584,0.1597,0.1514,4.3261,-0.0030,0.0088,1.1901,141.0000,-0.0034,0.0030,, 0, 0, 1, 0, 0
-0.0124,0.1005,-0.0112,2.2056,-0.0004,0.0146,-0.0793,84.0000,-0.0050,0.0004,, 0, 0, 1, 0, 0
0.0147,0.0787,0.0187,0.0243,-0.0000,0.0211,0.1699,3.0000,-0.0071,0.0000,, 0, 0, 1, 0, 0
0.0412,-0.0256,0.0047,-2.3767,0.0012,0.0229,0.0724,77.0000,-0.0041,-0.0012,, 0, 0, 1, 0, 0
0.0109,-0.0156,-0.0065,-3.0063,0.0038,0.0227,0.0085,192.0000,-0.0027,-0.0038,, 0, 0, 1, 0, 0
0.0467,-0.0854,0.0067,-3.4449,0.0043,0.0183,0.1143,61.0000,0.0026,-0.0043,, 0, 0, 1, 0, 0
0.0261,-0.0199,0.0181,-2.7927,0.0041,0.0194,0.2054,142.0000,0.0002,-0.0041,, 0, 0, 1, 0, 0
0.0416,-0.1172,0.0121,-1.9376,0.0062,0.0124,0.1710,78.0000,0.0055,-0.0062,, 0, 0, 1, 0, 0
0.0542,-0.0853,-0.0246,0.7671,0.0019,0.0041,-0.1738,4.0000,0.0083,-0.0019,, 0, 0, 1, 0, 0
0.1317,-0.6274,0.0093,0.4209,-0.0028,-0.0599,-0.0133,110.0000,0.0411,0.0028,, 0, 1, 0, 0, 0
-0.2369,-0.4534,0.0701,2.3465,-0.0043,-0.0448,0.4730,93.0000,0.0221,0.0043,, 0, 1, 0, 0, 0
-0.0578,0.6915,-0.0847,10.5071,-0.0015,0.0253,-0.6679,190.0000,-0.0323,0.0015,, 0, 0, 1, 0, 0
0.0397,0.8529,-0.0122,12.6335,0.0056,0.0285,-0.0129,110.0000,-0.0398,-0.0056,, 0, 0, 1, 0, 0
-0.0676,0.3190,-0.1552,7.4623,-0.0038,0.0151,-1.2646,159.0000,-0.0160,0.0038,, 0, 0, 1, 0, 0
0.0005,0.0472,-0.0229,4.6779,-0.0104,0.0089,-0.2785,135.0000,-0.0043,0.0104,, 0, 0, 1, 0, 0
0.0213,0.1311,0.0221,2.3492,-0.0008,0.0195,0.1884,93.0000,-0.0102,0.0008,, 0, 0, 1, 0, 0
0.0898,-0.0017,-0.0021,-0.6545,0.0049,0.0056,0.0379,84.0000,-0.0083,-0.0049,, 1, 0, 0, 0, 0
0.0357,-0.0581,0.0065,-2.2280,0.0079,0.0022,0.1334,116.0000,-0.0018,-0.0079,, 1, 0, 0, 0, 0
0.2168,0.1077,-0.0037,-1.2008,0.0108,0.0156,0.0935,74.0000,0.0008,-0.0108,, 0, 0, 1, 0, 0
0.0126,0.0568,-0.0282,-2.7089,0.0105,0.0255,-0.0955,52.0000,-0.0061,-0.0105,, 0, 0, 1, 0, 0
0.0213,-0.0087,0.0224,-3.5252,0.0149,0.0224,0.3510,128.0000,-0.0013,-0.0149,, 0, 0, 1, 0, 0
0.0563,0.0350,-0.0465,-3.8767,0.0171,0.0250,-0.1759,167.0000,-0.0032,-0.0171,, 0, 0, 1, 0, 0
0.0240,-0.0437,-0.0633,-4.1940,0.0167,0.0214,-0.3173,135.0000,0.0010,-0.0167,, 0, 0, 1, 0, 0
0.1334,-0.3305,-0.0738,-4.8581,0.0130,-0.0139,-0.4744,67.0000,0.0196,-0.0130,, 1, 0, 0, 0, 0
0.0170,-0.0858,0.0293,-1.8538,0.0060,-0.0060,0.2887,170.0000,0.0058,-0.0060,, 1, 0, 0, 0, 0
-0.0483,-0.0933,0.0048,0.1998,0.0033,-0.0158,0.0554,98.0000,0.0114,-0.0033,, 1, 0, 0, 0, 0
-0.0016,0.0184,0.0177,1.5777,-0.0004,0.0056,0.1439,115.0000,0.0053,0.0004,, 0, 0, 1, 0, 0
0.0175,0.1124,-0.0236,1.6937,-0.0012,0.0131,-0.1879,107.0000,-0.0025,0.0012,, 0, 0, 1, 0, 0
0.0041,0.1286,-0.0181,0.5127,-0.0025,0.0184,-0.1518,22.0000,-0.0055,0.0025,, 0, 0, 1, 0, 0
-0.0998,-0.0457,0.0385,-2.2067,-0.0014,0.0166,0.3108,163.0000,-0.0162,0.0014,, 1, 0, 0, 0, 0
0.0161,-0.1559,0.0753,-1.5534,0.0013,-0.0082,0.6069,125.0000,0.0074,-0.0013,, 1, 0, 0, 0, 0
0.0760,-0.0798,-0.0281,0.5567,-0.0004,-0.0113,-0.2403,74.0000,0.0062,0.0004,, 1, 0, 0, 0, 0
-0.0225,0.0364,0.0380,1.8786,-0.0013,-0.0090,0.2823,17.0000,0.0012,0.0013,, 1, 0, 0, 0, 0
-0.0083,0.0994,-0.0312,2.2479,-0.0027,-0.0058,-0.2819,28.0000,-0.0027,0.0027,, 1, 0, 0, 0, 0
-0.0329,0.0352,0.0321,1.6226,-0.0024,-0.0069,0.2261,26.0000,-0.0004,0.0024,, 1, 0, 0, 0, 0
0.0298,0.0269,-0.0137,1.2105,-0.0011,-0.0059,-0.1267,169.0000,-0.0006,0.0011,, 1, 0, 0, 0, 0
0.0119,0.0155,0.0037,0.5906,0.0000,-0.0033,0.0270,62.0000,-0.0019,-0.0000,, 1, 0, 0, 0, 0
0.0520,-0.0273,0.0124,0.0248,0.0020,-0.0060,0.1133,97.0000,0.0020,-0.0020,, 1, 0, 0, 0, 0
0.0088,-0.0045,0.0323,-0.2558,0.0020,-0.0021,0.2756,90.0000,-0.0014,-0.0020,, 1, 0, 0, 0, 0
-0.0032,-0.0580,-0.0024,-0.2878,0.0023,-0.0057,-0.0018,54.0000,0.0023,-0.0023,, 1, 0, 0, 0, 0
-0.0280,0.0454,-0.0248,0.5411,0.0018,-0.0062,-0.1859,73.0000,0.0011,-0.0018,, 1, 0, 0, 0, 0
-0.0260,0.1496,0.0400,0.1024,0.0016,0.0036,0.3392,113.0000,-0.0078,-0.0016,, 1, 0, 0, 0, 0
-0.0141,-0.0803,-0.0101,-1.4445,0.0029,-0.0023,-0.0541,16.0000,0.0012,-0.0029,, 1, 0, 0, 0, 0
-0.0041,-0.0622,0.0056,-0.7553,0.0030,-0.0052,0.0701,107.0000,0.0027,-0.0030,, 1, 0, 0, 0, 0
0.0085,-0.0015,-0.0445,0.9095,0.0005,-0.0076,-0.3588,98.0000,0.0017,-0.0005,, 1, 0, 0, 0, 0
-0.0246,0.0444,-0.0290,1.4667,-0.0015,-0.0087,-0.2562,27.0000,0.0018,0.0015,, 1, 0, 0, 0, 0
-0.0102,0.0899,0.0117,1.2205,-0.0009,-0.0036,0.0816,171.0000,-0.0029,0.0009,, 1, 0, 0, 0, 0
0.1529,0.2984,0.0045,1.5848,0.0001,0.0184,0.0553,48.0000,-0.0076,-0.0001,, 0, 0, 1, 0, 0
0.0426,0.0534,-0.0130,-2.5865,0.0031,0.0275,-0.0461,184.0000,-0.0084,-0.0031,, 0, 0, 1, 0, 0
0.0194,-0.0725,0.0680,-3.8412,0.0110,0.0220,0.6753,32.0000,-0.0003,-0.0110,, 0, 0, 1, 0, 0
0.0287,-0.0649,0.0384,-3.8219,0.0167,0.0199,0.4941,43.0000,0.0018,-0.0167,, 0, 0, 1, 0, 0
0.0472,-0.0586,-0.0285,-3.2982,0.0163,0.0181,-0.0472,86.0000,0.0025,-0.0163,, 0, 0, 1, 0, 0
0.0532,-0.0364,-0.0855,-1.7882,0.0144,0.0147,-0.5255,199.0000,0.0029,-0.0144,, 0, 0, 1, 0, 0
-0.0340,-0.0200,-0.0032,0.0876,0.0103,0.0098,0.0873,98.0000,0.0040,-0.0103,, 0, 0, 1, 0, 0
0.0028,0.0429,-0.0645,1.7967,0.0079,0.0068,-0.4300,194.0000,0.0036,-0.0079,, 0, 0, 1, 0, 0
-0.0386,0.0421,-0.0280,2.5553,0.0041,0.0075,-0.1747,18.0000,0.0013,-0.0041,, 0, 0, 1, 0, 0
-0.0177,0.0618,0.0554,2.9819,0.0031,0.0089,0.4837,102.0000,-0.0009,-0.0031,, 0, 0, 1, 0, 0
-0.0000,0.0630,0.0012,2.6887,0.0020,0.0087,0.0383,196.0000,-0.0001,-0.0020,, 0, 0, 1, 0, 0
-0.0259,0.0152,0.0433,1.7890,-0.0005,0.0107,0.3518,30.0000,-0.0003,0.0005,, 0, 0, 1, 0, 0
-0.0000,0.0839,0.0528,0.9176,0.0006,0.0166,0.4447,180.0000,-0.0045,-0.0006,, 0, 0, 1, 0, 0
0.0298,0.0509,0.0071,-1.0705,0.0014,0.0224,0.0929,173.0000,-0.0062,-0.0014,, 0, 0, 1, 0, 0
0.0170,-0.0682,0.0341,-2.0925,0.0034,0.0187,0.3260,191.0000,-0.0005,-0.0034,, 0, 0, 1, 0, 0
0.0590,-0.0757,-0.0077,-1.7378,0.0044,0.0145,-0.0034,190.0000,0.0030,-0.0044,, 0, 0, 1, 0, 0
0.0357,-0.0839,-0.0443,-0.8134,0.0024,0.0106,-0.3198,59.0000,0.0050,-0.0024,, 0, 0, 1, 0, 0
0.0213,0.0012,0.0020,0.7735,-0.0007,0.0102,0.0195,61.0000,0.0023,0.0007,, 0, 0, 1, 0, 0
-0.0287,0.1075,-0.0799,1.4399,-0.0020,0.0131,-0.6461,187.0000,-0.0020,0.0020,, 0, 0, 1, 0, 0
-0.0062,0.1234,0.0019,0.7247,-0.0024,0.0168,0.0077,98.0000,-0.0042,0.0024,, 0, 0, 1, 0, 0
0.0451,0.0550,0.0329,-0.7468,-0.0007,0.0198,0.2763,84.0000,-0.0043,0.0007,, 0, 0, 1, 0, 0
0.0194,-0.0553,-0.0012,-1.5052,0.0017,0.0158,0.0231,141.0000,0.0012,-0.0017,, 0, 0, 1, 0, 0
0.0319,-0.0762,0.0792,-0.9002,0.0011,0.0117,0.6561,6.0000,0.0041,-0.0011,, 0, 0, 1, 0, 0
0.0305,-0.0528,0.0502,0.0289,0.0015,0.0087,0.4257,174.0000,0.0053,-0.0015,, 0, 0, 1, 0, 0
0.0024,0.0450,-0.0268,0.9031,-0.0015,0.0123,-0.2170,39.0000,-0.0001,0.0015,, 0, 0, 1, 0, 0
-0.0057,0.1087,-0.0058,0.8390,-0.0018,0.0163,-0.0484,135.0000,-0.0040,0.0018,, 0, 0, 1, 0, 0
0.0016,0.0526,-0.0085,0.0140,-0.0014,0.0168,-0.0656,167.0000,-0.0028,0.0014,, 0, 0, 1, 0, 0
0.0173,-0.0228,-0.0185,-0.7964,-0.0010,0.0154,-0.1425,115.0000,0.0002,0.0010,, 0, 0, 1, 0, 0
0.0239,-0.0486,0.0096,-0.6348,-0.0009,0.0146,0.0821,40.0000,0.0007,0.0009,, 0, 0, 1, 0, 0
0.0889,-0.0473,-0.1246,1.2227,-0.0017,-0.0215,-1.0348,82.0000,0.0010,0.0017,, 0, 1, 0, 0, 0
-0.0080,-0.0024,-0.0491,3.2163,-0.0066,-0.0294,-0.4889,80.0000,0.0050,0.0066,, 0, 1, 0, 0, 0
-0.0561,0.0012,-0.0722,5.2210,-0.0159,-0.0332,-0.7698,114.0000,0.0048,0.0159,, 0, 1, 0, 0, 0
-0.2683,0.2334,-0.1146,6.6413,-0.0310,0.0083,-1.2178,78.0000,-0.0076,0.0310,, 0, 0, 1, 0, 0
0.0079,0.0207,0.0937,5.9318,-0.0339,-0.0012,0.4096,132.0000,0.0034,0.0339,, 0, 0, 1, 0, 0
0.0002,0.1211,-0.0420,5.1906,-0.0223,0.0091,-0.5500,114.0000,-0.0054,0.0223,, 0, 0, 1, 0, 0
-0.0156,0.2136,0.0264,2.4204,-0.0146,0.0214,0.0865,128.0000,-0.0122,0.0146,, 0, 0, 1, 0, 0
-0.0021,0.1291,0.0541,-2.2385,-0.0077,0.0331,0.3886,156.0000,-0.0147,0.0077,, 0, 0, 1, 0, 0
0.0028,-0.0248,0.1171,-5.7688,0.0024,0.0322,0.9936,118.0000,-0.0066,-0.0024,, 0, 0, 1, 0, 0
0.0144,-0.0582,0.1781,-8.1161,0.0153,0.0343,1.6126,14.0000,-0.0041,-0.0153,, 0, 0, 1, 0, 0
0.0759,-0.0677,0.1702,-8.8769,0.0495,0.0340,1.8903,131.0000,-0.0023,-0.0495,, 0, 0, 1, 0, 0
0.0350,-0.0609,0.1098,-9.0096,0.0736,0.0319,1.6460,7.0000,0.0001,-0.0736,, 0, 0, 1, 0, 0
0.1479,0.0622,0.0801,-6.5056,0.0821,0.0071,1.4686,183.0000,0.0199,-0.0821,, 0, 0, 1, 0, 0
-0.2199,-0.3958,-0.0032,-6.7513,0.0870,-0.0106,0.8343,46.0000,0.0061,-0.0870,, 0, 1, 0, 0, 0
-0.1452,0.3585,-0.1413,3.3041,0.0776,0.0190,-0.3358,53.0000,-0.0116,-0.0776,, 0, 0, 1, 0, 0
-0.1463,0.0197,-0.1609,6.4064,0.0596,-0.0375,-0.7285,109.0000,0.0067,-0.0596,, 0, 1, 0, 0, 0
0.2330,0.2517,-0.0930,14.2494,0.0430,-0.0314,-0.3451,9.0000,0.0169,-0.0430,, 0, 0, 1, 0, 0
-0.0435,0.1420,-0.2479,15.0000,0.0395,-0.0262,-1.6145,102.0000,0.0102,-0.0395,, 0, 0, 1, 0, 0
-0.1041,-0.1039,0.1880,15.0000,0.0208,-0.0845,1.6280,7.0000,0.0365,-0.0208,, 0, 1, 0, 0, 0
-0.1513,0.8343,-0.0855,15.0000,0.0319,-0.1017,-0.4665,132.0000,0.0857,-0.0319,, 0, 0, 1, 0, 0
-0.2977,0.3593,0.0669,1.7146,0.0132,0.0511,0.7183,5.0000,-0.0405,-0.0132,, 0, 0, 1, 0, 0
-0.0780,-1.8882,0.3259,-10.1624,0.0490,-0.0661,3.0309,47.0000,0.1004,-0.0490,, 0, 0, 1, 0, 0
0.1577,-0.1062,0.0945,-5.4190,0.0605,0.0226,1.3829,70.0000,0.0023,-0.0605,, 0, 0, 1, 0, 0
0.1430,0.1399,-0.0650,-5.0770,0.0733,0.0438,0.2566,31.0000,-0.0196,-0.0733,, 0, 0, 1, 0, 0
0.1379,-0.2050,-0.0108,-6.3202,0.0696,0.0255,0.6350,154.0000,0.0012,-0.0696,, 0, 0, 1, 0, 0
-0.1696,0.0501,-0.0955,-3.8949,0.0573,-0.0020,-0.1930,108.0000,0.0238,-0.0573,, 0, 0, 1, 0, 0
0.1327,-0.4538,0.0048,-6.9715,0.0458,-0.0374,0.4592,103.0000,0.0333,-0.0458,, 0, 1, 0, 0, 0
-0.1798,0.3516,0.1126,-4.1880,0.0389,0.0404,1.3306,6.0000,-0.0181,-0.0389,, 0, 0, 1, 0, 0
0.2272,-0.7040,-0.0863,-6.5245,0.1505,-0.0576,0.7570,142.0000,0.0847,-0.1505,, 0, 0, 1, 0, 0
-0.3014,-0.4794,2.0063,-12.7057,0.3919,0.0017,19.9720,5.0000,0.0377,-0.3919,, 0, 0, 1, 0, 0
-0.0480,-0.2801,-0.4311,-4.8793,0.3665,-0.0112,0.2048,41.0000,0.0350,-0.3665,, 0, 0, 1, 0, 0
0.1654,0.0192,-0.4331,-0.4244,0.2628,0.0199,-0.8171,7.0000,-0.0050,-0.2628,, 0, 0, 1, 0, 0
-0.1234,0.2337,-0.3677,-0.7779,0.1727,0.0257,-1.1891,4.0000,-0.0101,-0.1727,, 0, 0, 1, 0, 0
0.0854,-0.1935,-0.2286,-0.6628,0.1007,-0.0004,-0.8223,75.0000,0.0158,-0.1007,, 0, 0, 1, 0, 0
0.0064,0.1298,-0.1480,1.2403,0.0490,0.0141,-0.6803,152.0000,-0.0026,-0.0490,, 0, 0, 1, 0, 0
0.0074,0.1416,-0.0090,-0.0295,0.0239,0.0210,0.1877,11.0000,-0.0069,-0.0239,, 0, 0, 1, 0, 0
0.0516,-0.0648,-0.0753,-1.5109,0.0097,0.0163,-0.4884,103.0000,0.0008,-0.0097,, 0, 0, 1, 0, 0
-0.0077,0.0087,-0.1335,0.4453,0.0036,-0.0159,-1.0474,65.0000,-0.0030,-0.0036,, 0, 1, 0, 0, 0
-0.1783,-0.2361,0.0031,-1.2499,-0.0074,-0.0208,-0.0699,60.0000,0.0053,0.0074,, 0, 1, 0, 0, 0
-0.0030,0.5800,-0.1000,5.2418,-0.0124,0.0330,-0.8916,13.0000,-0.0295,0.0124,, 0, 0, 1, 0, 0
-0.0480,0.1514,0.0035,1.8100,-0.0158,0.0165,-0.1133,74.0000,-0.0061,0.0158,, 0, 0, 1, 0, 0
0.0287,0.0845,0.0271,-0.0437,-0.0119,0.0185,0.1159,167.0000,-0.0044,0.0119,, 0, 0, 1, 0, 0
0.0470,-0.0861,-0.0278,-1.9309,-0.0051,0.0180,-0.2553,51.0000,-0.0002,0.0051,, 0, 0, 1, 0, 0
0.0373,-0.0268,-0.0237,-1.4777,-0.0009,0.0172,-0.1817,71.0000,-0.0003,0.0009,, 0, 0, 1, 0, 0
0.0333,-0.0393,0.0121,-1.1604,0.0008,0.0161,0.1212,133.0000,0.0002,-0.0008,, 0, 0, 1, 0, 0
0.0335,-0.1723,0.0333,0.0056,0.0017,0.0034,0.2873,62.0000,0.0105,-0.0017,, 0, 0, 1, 0, 0
-0.0134,0.0613,0.0308,2.4438,-0.0039,0.0071,0.2147,18.0000,0.0020,0.0039,, 0, 0, 1, 0, 0
-0.0145,0.0597,0.0248,2.9402,-0.0067,0.0075,0.1386,95.0000,0.0006,0.0067,, 0, 0, 1, 0, 0
-0.0433,0.3108,0.0193,2.5717,-0.0061,0.0191,0.1127,194.0000,-0.0103,0.0061,, 0, 0, 1, 0, 0
0.0179,0.0304,0.1102,-1.7673,-0.0005,0.0246,0.9013,33.0000,-0.0071,0.0005,, 0, 0, 1, 0, 0
0.0537,-0.0830,0.0582,-3.4239,0.0150,0.0211,0.6375,155.0000,-0.0003,-0.0150,, 0, 0, 1, 0, 0
0.0714,-0.0489,0.0681,-3.6200,0.0293,0.0221,0.8601,191.0000,-0.0008,-0.0293,, 0, 0, 1, 0, 0
0.0276,-0.0822,0.0524,-3.2551,0.0391,0.0174,0.8277,33.0000,0.0031,-0.0391,, 0, 0, 1, 0, 0
0.0529,0.0104,-0.1565,-2.1232,0.0366,0.0182,-0.8685,157.0000,0.0001,-0.0366,, 0, 0, 1, 0, 0
0.0225,-0.0524,-0.0340,-1.3488,0.0265,0.0122,0.0055,176.0000,0.0045,-0.0265,, 0, 0, 1, 0, 0
0.0005,-0.0485,-0.0517,0.1719,0.0189,0.0074,-0.2166,116.0000,0.0063,-0.0189,, 0, 0, 1, 0, 0
0.0191,0.1071,0.0025,1.7762,0.0123,0.0121,0.1552,20.0000,-0.0017,-0.0123,, 0, 0, 1, 0, 0
-0.0239,0.0621,-0.0365,1.7137,0.0061,0.0116,-0.2192,196.0000,-0.0010,-0.0061,, 0, 0, 1, 0, 0
0.0357,0.0185,0.0036,1.6329,0.0021,0.0108,0.0604,164.0000,-0.0001,-0.0021,, 0, 0, 1, 0, 0
0.0011,-0.0093,0.0127,1.6514,0.0014,0.0096,0.1249,131.0000,0.0011,-0.0014,, 0, 0, 1, 0, 0
0.0350,0.0613,-0.0256,1.9226,0.0009,0.0121,-0.1837,114.0000,-0.0020,-0.0009,, 0, 0, 1, 0, 0
-0.0030,0.0496,-0.0157,1.4715,0.0007,0.0116,-0.1072,86.0000,-0.0006,-0.0007,, 0, 0, 1, 0, 0
0.0231,0.0683,-0.0137,0.4427,0.0006,0.0182,-0.0852,193.0000,-0.0051,-0.0006,, 0, 0, 1, 0, 0
0.0345,0.0562,-0.0028,-0.6706,0.0025,0.0208,0.0237,166.0000,-0.0055,-0.0025,, 0, 0, 1, 0, 0
0.0509,-0.0971,0.0251,-1.6978,0.0059,0.0152,0.2746,28.0000,0.0022,-0.0059,, 0, 0, 1, 0, 0
0.0287,-0.0842,-0.0373,-1.0104,0.0073,0.0125,-0.2127,94.0000,0.0035,-0.0073,, 0, 0, 1, 0, 0
0.0191,0.0321,0.0387,0.5281,0.0046,0.0130,0.3679,64.0000,-0.0000,-0.0046,, 0, 0, 1, 0, 0
0.0205,0.0393,0.0013,0.9866,0.0011,0.0102,0.0319,134.0000,0.0018,-0.0011,, 0, 0, 1, 0, 0
0.0093,0.0584,-0.0170,0.6968,-0.0004,0.0134,-0.1266,34.0000,-0.0008,0.0004,, 0, 0, 1, 0, 0
-0.0078,0.1111,0.0104,-0.1946,0.0006,0.0220,0.1114,69.0000,-0.0076,-0.0006,, 0, 0, 1, 0, 0
0.0514,-0.0990,-0.0261,-1.2551,0.0019,0.0134,-0.1766,174.0000,0.0031,-0.0019,, 0, 0, 1, 0, 0
0.0635,-0.0602,-0.0048,-0.2579,0.0019,0.0127,-0.0066,96.0000,0.0019,-0.0019,, 0, 0, 1, 0, 0
-0.0000,-0.6880,0.0217,-2.7574,0.0020,-0.0519,0.1419,53.0000,0.0394,-0.0020,, 0, 1, 0, 0, 0
0.1200,-0.0265,-0.0523,2.0405,-0.0025,-0.0005,-0.4441,124.0000,0.0104,0.0025,, 0, 0, 1, 0, 0
-0.0067,0.1892,0.0041,1.2479,-0.0026,0.0200,0.0269,137.0000,-0.0085,0.0026,, 0, 0, 1, 0, 0
0.0292,0.0356,0.0215,-1.1116,-0.0002,0.0212,0.1906,126.0000,-0.0050,0.0002,, 0, 0, 1, 0, 0
0.0342,-0.0394,0.0293,-1.9948,0.0040,0.0192,0.2938,143.0000,-0.0012,-0.0040,, 0, 0, 1, 0, 0
0.0500,-0.1094,-0.0133,-1.8301,0.0054,0.0138,-0.0385,141.0000,0.0039,-0.0054,, 0, 0, 1, 0, 0
0.0511,-0.1231,-0.0106,-0.3982,0.0038,0.0084,-0.0391,25.0000,0.0064,-0.0038,, 0, 0, 1, 0, 0
0.0202,0.0314,-0.0479,2.0411,-0.0004,0.0066,-0.3810,116.0000,0.0034,0.0004,, 0, 0, 1, 0, 0
0.0031,0.1536,-0.0214,2.8714,-0.0029,0.0113,-0.1892,172.0000,-0.0031,0.0029,, 0, 0, 1, 0, 0
0.0064,0.1334,-0.0178,1.6774,-0.0027,0.0150,-0.1546,10.0000,-0.0044,0.0027,, 0, 0, 1, 0, 0
0.0062,-0.0176,0.0267,-0.2240,-0.0014,0.0138,0.2135,80.0000,0.0007,0.0014,, 0, 0, 1, 0, 0
0.0333,-0.0380,0.0251,-0.9180,0.0019,0.0157,0.2357,20.0000,0.0001,-0.0019,, 0, 0, 1, 0, 0
0.0344,-0.0909,0.0264,-0.7645,0.0035,0.0119,0.2584,126.0000,0.0036,-0.0035,, 0, 0, 1, 0, 0
0.0864,0.0055,-0.0164,0.5548,0.0023,0.0122,-0.0954,105.0000,0.0007,-0.0023,, 0, 0, 1, 0, 0
0.0201,0.0598,0.0219,0.8274,0.0007,0.0136,0.1951,177.0000,-0.0013,-0.0007,, 0, 0, 1, 0, 0
0.1333,-0.1966,-0.0566,-0.6413,0.0012,-0.0145,-0.4549,157.0000,0.0118,-0.0012,, 1, 0, 0, 0, 0
0.0038,0.0245,-0.0221,0.7466,-0.0005,-0.0066,-0.1885,200.0000,0.0011,0.0005,, 1, 0, 0, 0, 0
0.0031,0.1026,-0.0069,0.7527,-0.0008,-0.0024,-0.0658,82.0000,-0.0031,0.0008,, 1, 0, 0, 0, 0
0.0225,0.0164,-0.0277,-0.7920,0.0005,-0.0002,-0.2163,86.0000,-0.0022,-0.0005,, 1, 0, 0, 0, 0
0.0031,-0.1070,0.0105,-0.9239,0.0029,-0.0064,0.1074,175.0000,0.0043,-0.0029,, 1, 0, 0, 0, 0
-0.0017,-0.0269,0.0435,0.6759,0.0016,-0.0084,0.3554,154.0000,0.0030,-0.0016,, 1, 0, 0, 0, 0
-0.0082,0.1444,-0.0870,1.6652,-0.0030,-0.0042,-0.7296,78.0000,-0.0031,0.0030,, 1, 0, 0, 0, 0
-0.0083,0.1339,0.0343,0.3216,-0.0023,0.0019,0.2530,183.0000,-0.0065,0.0023,, 1, 0, 0, 0, 0
0.0017,-0.0554,0.0497,-1.4399,-0.0002,-0.0010,0.3946,107.0000,-0.0002,0.0002,, 1, 0, 0, 0, 0
0.0150,-0.1338,0.0311,-1.0233,0.0014,-0.0069,0.2552,172.0000,0.0049,-0.0014,, 1, 0, 0, 0, 0
0.0056,-0.0294,-0.0923,0.9195,-0.0003,-0.0091,-0.7506,162.0000,0.0033,0.0003,, 1, 0, 0, 0, 0
-0.0369,0.1367,0.0120,1.8873,-0.0038,-0.0050,0.0531,123.0000,-0.0027,0.0038,, 1, 0, 0, 0, 0
-0.0124,0.1099,0.0192,0.4124,-0.0039,-0.0002,0.1143,51.0000,-0.0046,0.0039,, 1, 0, 0, 0, 0
0.0063,-0.0049,0.0752,-1.2213,0.0003,0.0013,0.6051,200.0000,-0.0028,-0.0003,, 1, 0, 0, 0, 0
0.0326,-0.0961,-0.0402,-1.4112,0.0028,-0.0037,-0.2975,46.0000,0.0026,-0.0028,, 1, 0, 0, 0, 0
0.0076,-0.0625,-0.0012,-0.8712,-0.0003,0.0106,-0.0018,34.0000,0.0051,0.0003,, 0, 0, 1, 0, 0
0.0202,-0.0465,0.0187,-0.3794,-0.0010,0.0131,0.1520,189.0000,0.0017,0.0010,, 0, 0, 1, 0, 0
-0.0073,0.0396,0.0024,0.6501,0.0000,0.0119,0.0313,3.0000,0.0008,-0.0000,, 0, 0, 1, 0, 0
-0.0032,0.0707,-0.0152,0.3347,-0.0003,0.0155,-0.1090,67.0000,-0.0022,0.0003,, 0, 0, 1, 0, 0
0.0059,0.0060,0.0155,-0.6890,0.0016,0.0167,0.1568,51.0000,-0.0013,-0.0016,, 0, 0, 1, 0, 0
0.0282,-0.0662,-0.0312,-0.8708,0.0024,0.0133,-0.2124,167.0000,0.0024,-0.0024,, 0, 0, 1, 0, 0
0.0621,-0.0721,0.0248,0.1086,0.0024,0.0095,0.2315,127.0000,0.0043,-0.0024,, 0, 0, 1, 0, 0
0.0124,0.1312,0.0016,1.3474,0.0009,0.0146,0.0366,17.0000,-0.0033,-0.0009,, 0, 0, 1, 0, 0
0.0072,0.1458,0.0053,0.4207,0.0009,0.0190,0.0706,103.0000,-0.0059,-0.0009,, 0, 0, 1, 0, 0
0.0335,-0.0498,0.0950,-1.6430,0.0040,0.0176,0.8176,38.0000,-0.0003,-0.0040,, 0, 0, 1, 0, 0
0.0368,-0.0957,0.0040,-1.6241,0.0064,0.0140,0.1101,67.0000,0.0033,-0.0064,, 0, 0, 1, 0, 0
0.0191,-0.0715,-0.0349,-0.4134,0.0051,0.0111,-0.2173,162.0000,0.0037,-0.0051,, 0, 0, 1, 0, 0
-0.0025,-0.0192,0.0036,0.8568,0.0029,0.0073,0.0649,5.0000,0.0050,-0.0029,, 0, 0, 1, 0, 0
0.0080,0.0657,-0.0030,1.2587,0.0015,0.0114,0.0020,139.0000,0.0001,-0.0015,, 0, 0, 1, 0, 0
0.0145,0.0950,-0.0333,0.4056,0.0000,0.0169,-0.2489,35.0000,-0.0037,-0.0000,, 0, 0, 1, 0, 0
0.0230,-0.0177,-0.0041,-1.0228,0.0019,0.0177,0.0033,196.0000,-0.0016,-0.0019,, 0, 0, 1, 0, 0
0.0149,-0.0991,-0.0050,-1.2638,0.0037,0.0129,0.0097,72.0000,0.0037,-0.0037,, 0, 0, 1, 0, 0
0.0584,-0.0410,-0.0400,-0.1254,0.0021,0.0120,-0.2862,4.0000,0.0023,-0.0021,, 0, 0, 1, 0, 0
0.0204,0.0421,-0.0197,0.8898,-0.0008,0.0118,-0.1533,50.0000,0.0004,0.0008,, 0, 0, 1, 0, 0
-0.0111,0.1279,0.0296,0.8583,-0.0018,0.0165,0.2353,150.0000,-0.0043,0.0018,, 0, 0, 1, 0, 0
-0.0259,0.0063,0.0137,-0.7716,-0.0007,0.0155,0.1189,165.0000,0.0000,0.0007,, 0, 0, 1, 0, 0
0.0387,-0.0837,-0.0321,-1.3451,0.0021,0.0150,-0.2205,58.0000,0.0017,-0.0021,, 0, 0, 1, 0, 0
0.0303,-0.0576,0.0173,-0.4105,0.0030,0.0134,0.1823,164.0000,0.0014,-0.0030,, 0, 0, 1, 0, 0
0.0240,0.0211,-0.0390,1.0912,0.0009,0.0098,-0.2938,191.0000,0.0020,-0.0009,, 0, 0, 1, 0, 0
0.2378,-0.2996,-0.0385,0.1425,0.0005,-0.0368,-0.3394,196.0000,0.0185,-0.0005,, 0, 1, 0, 0, 0
-0.0068,0.0789,-0.0009,2.7869,-0.0048,-0.0244,-0.0799,200.0000,0.0008,0.0048,, 0, 1, 0, 0, 0
-0.2228,0.2077,0.1142,2.1181,-0.0130,0.0173,0.8012,23.0000,-0.0075,0.0130,, 0, 0, 1, 0, 0
-0.0375,0.1857,-0.0509,-0.2344,-0.0144,0.0270,-0.5240,126.0000,-0.0126,0.0144,, 0, 0, 1, 0, 0
0.0576,-0.0862,0.0637,-3.2154,-0.0085,0.0217,0.4458,119.0000,-0.0012,0.0085,, 0, 0, 1, 0, 0
0.0642,-0.0402,0.0167,-3.7194,0.0012,0.0231,0.1688,167.0000,-0.0017,-0.0012,, 0, 0, 1, 0, 0
0.0421,-0.0811,0.0057,-3.8397,0.0091,0.0198,0.1568,174.0000,0.0019,-0.0091,, 0, 0, 1, 0, 0
0.0354,-0.0991,0.0255,-2.8870,0.0107,0.0149,0.3257,34.0000,0.0049,-0.0107,, 0, 0, 1, 0, 0
0.0009,-0.0087,-0.0252,-1.3900,0.0090,0.0140,-0.0976,16.0000,0.0027,-0.0090,, 0, 0, 1, 0, 0
-0.0428,-0.0669,0.0469,0.0700,0.0058,0.0076,0.4407,141.0000,0.0062,-0.0058,, 0, 0, 1, 0, 0
-0.0193,0.0741,-0.0273,2.2135,0.0013,0.0079,-0.1975,59.0000,0.0017,-0.0013,, 0, 0, 1, 0, 0
0.0025,0.0490,-0.0230,2.6603,-0.0020,0.0080,-0.1965,109.0000,0.0007,0.0020,, 0, 0, 1, 0, 0
-0.0042,-0.0033,-0.0274,3.4785,-0.0045,0.0040,-0.2606,6.0000,0.0030,0.0045,, 0, 0, 1, 0, 0
-0.0046,0.0741,0.0017,4.4129,-0.0061,0.0053,-0.0420,12.0000,-0.0001,0.0061,, 0, 0, 1, 0, 0
-0.0118,0.0994,0.0112,3.9656,-0.0062,0.0087,0.0366,45.0000,-0.0027,0.0062,, 0, 0, 1, 0, 0
0.0257,0.1015,0.0215,2.6187,-0.0031,0.0142,0.1545,188.0000,-0.0054,0.0031,, 0, 0, 1, 0, 0
0.0116,0.1567,-0.0217,0.5652,-0.0004,0.0224,-0.1554,154.0000,-0.0095,0.0004,, 0, 0, 1, 0, 0
0.0068,-0.0041,0.0817,-2.4450,0.0058,0.0239,0.7354,45.0000,-0.0050,-0.0058,, 0, 0, 1, 0, 0
0.0319,-0.0481,0.0661,-3.9509,0.0178,0.0236,0.7299,117.0000,-0.0017,-0.0178,, 0, 0, 1, 0, 0
0.0723,-0.0412,0.0200,-4.5607,0.0307,0.0241,0.4911,80.0000,-0.0010,-0.0307,, 0, 0, 1, 0, 0
0.1050,-0.4946,0.1582,-6.4270,0.0430,-0.0176,1.6774,138.0000,0.0264,-0.0430,, 1, 0, 0, 0, 0
0.0645,-0.1170,-0.0102,-2.4955,0.0400,-0.0066,0.3115,148.0000,0.0075,-0.0400,, 1, 0, 0, 0, 0
-0.0130,-0.1164,0.0347,0.0960,0.0305,-0.0141,0.5678,23.0000,0.0099,-0.0305,, 1, 0, 0, 0, 0
0.0053,-0.0196,-0.0494,2.7196,0.0170,-0.0007,-0.2257,81.0000,0.0093,-0.0170,, 0, 0, 1, 0, 0
0.0197,0.0957,-0.0766,3.9859,0.0086,0.0069,-0.5200,49.0000,-0.0008,-0.0086,, 0, 0, 1, 0, 0
0.1649,0.1124,0.0002,6.0570,0.0027,-0.0050,0.0233,184.0000,-0.0252,-0.0027,, 0, 1, 0, 0, 0
-0.1299,0.1745,-0.0682,6.0441,-0.0041,-0.0257,-0.6120,71.0000,-0.0044,0.0041,, 0, 1, 0, 0, 0
0.2470,-0.2378,0.0458,3.0003,-0.0059,-0.0472,0.2603,23.0000,0.0232,0.0059,, 0, 1, 0, 0, 0
0.3136,0.4615,0.0289,5.2364,-0.0025,0.0120,0.2182,167.0000,-0.0085,0.0025,, 0, 0, 1, 0, 0
-0.0314,0.1812,0.0304,-1.5627,0.0002,0.0342,0.2789,121.0000,-0.0171,-0.0002,, 0, 0, 1, 0, 0
-0.1285,-0.1992,0.0640,-6.4837,0.0058,0.0205,0.5900,120.0000,-0.0256,-0.0058,, 0, 1, 0, 0, 0
-0.2149,-0.0111,0.0460,-5.7471,0.0138,0.0281,0.5343,11.0000,-0.0026,-0.0138,, 0, 0, 1, 0, 0
0.1051,-0.0298,0.0251,-4.8375,0.0271,-0.0034,0.4677,100.0000,-0.0049,-0.0271,, 0, 1, 0, 0, 0
0.1212,-0.8587,-0.0663,-7.5863,0.0228,-0.0527,-0.3554,39.0000,0.0498,-0.0228,, 0, 1, 0, 0, 0
-0.0870,-0.0498,-0.0781,-0.9653,0.0128,0.0084,-0.4879,102.0000,0.0076,-0.0128,, 0, 0, 1, 0, 0
0.1661,0.4315,-0.1215,6.1981,0.0024,0.0101,-0.9383,88.0000,-0.0085,-0.0024,, 0, 0, 1, 0, 0
-0.0068,0.1879,-0.0694,5.8803,-0.0068,0.0049,-0.6183,11.0000,-0.0027,0.0068,, 0, 0, 1, 0, 0
-0.0196,0.1827,-0.1404,5.8735,-0.0142,0.0060,-1.2590,201.0000,-0.0037,0.0142,, 0, 0, 1, 0, 0
0.0108,0.0444,-0.0587,4.2635,-0.0153,0.0081,-0.6151,118.0000,-0.0027,0.0153,, 0, 0, 1, 0, 0
0.0144,0.0025,0.0040,3.7352,-0.0093,0.0067,-0.0541,118.0000,-0.0002,0.0093,, 0, 0, 1, 0, 0
0.2150,-0.3938,0.0971,0.3444,-0.0032,-0.0425,0.7024,142.0000,0.0239,0.0032,, 0, 1, 0, 0, 0
0.0704,0.0560,-0.0108,0.3875,-0.0013,0.0179,-0.0814,25.0000,-0.0047,0.0013,, 0, 0, 1, 0, 0
0.2548,0.3724,0.0267,1.7909,0.0113,0.0217,0.3485,39.0000,-0.0113,-0.0113,, 0, 0, 1, 0, 0
0.1826,-0.5588,0.0140,-4.4594,0.0168,-0.0383,0.2413,36.0000,0.0292,-0.0168,, 0, 1, 0, 0, 0
-0.3203,-0.3668,-0.0218,-4.8569,0.0160,-0.0116,-0.0261,139.0000,0.0033,-0.0160,, 0, 1, 0, 0, 0
-0.1916,0.3226,-0.0048,1.4265,0.0132,0.0280,0.1220,33.0000,-0.0168,-0.0132,, 0, 0, 1, 0, 0
0.2017,0.1743,-0.0002,3.3900,0.0139,-0.0058,0.1310,169.0000,0.0130,-0.0139,, 0, 0, 1, 0, 0
-0.0284,0.2569,0.0264,2.3222,0.0138,0.0188,0.3685,80.0000,-0.0095,-0.0138,, 0, 0, 1, 0, 0
0.0681,0.0590,0.0272,-0.0301,0.0120,0.0166,0.3543,174.0000,-0.0026,-0.0120,, 0, 0, 1, 0, 0
0.0097,0.0127,-0.0176,-1.4865,0.0133,0.0206,0.0134,92.0000,-0.0036,-0.0133,, 0, 0, 1, 0, 0
0.0238,-0.0278,0.0002,-1.9662,0.0126,0.0191,0.1458,102.0000,-0.0011,-0.0126,, 0, 0, 1, 0, 0
0.0444,-0.0929,0.0061,-1.3896,0.0119,0.0124,0.1804,106.0000,0.0044,-0.0119,, 0, 0, 1, 0, 0
0.0078,-0.0616,0.0005,-0.0592,0.0089,0.0089,0.1026,36.0000,0.0052,-0.0089,, 0, 0, 1, 0, 0
0.0236,0.0418,-0.0475,1.2553,0.0050,0.0101,-0.3203,115.0000,0.0014,-0.0050,, 0, 0, 1, 0, 0
0.0004,0.1063,0.0496,1.6962,0.0022,0.0134,0.4316,63.0000,-0.0027,-0.0022,, 0, 0, 1, 0, 0
0.0058,0.0950,-0.0284,0.4240,0.0013,0.0174,-0.1968,186.0000,-0.0043,-0.0013,, 0, 0, 1, 0, 0
0.0547,0.0226,-0.0168,-0.9034,0.0030,0.0186,-0.0853,150.0000,-0.0028,-0.0030,, 0, 0, 1, 0, 0
0.0338,-0.0733,0.0065,-1.9044,0.0033,0.0170,0.1024,2.0000,0.0008,-0.0033,, 0, 0, 1, 0, 0
0.0300,-0.0429,-0.0502,-0.9609,0.0037,0.0140,-0.3502,45.0000,0.0019,-0.0037,, 0, 0, 1, 0, 0
0.0488,-0.1061,-0.0590,0.1006,0.0033,0.0060,-0.4328,200.0000,0.0078,-0.0033,, 0, 0, 1, 0, 0
0.0011,0.0454,-0.0128,1.4340,0.0012,0.0108,-0.0793,106.0000,0.0003,-0.0012,, 0, 0, 1, 0, 0
-0.0078,0.0865,-0.0053,1.7790,0.0003,0.0104,-0.0292,69.0000,0.0000,-0.0003,, 0, 0, 1, 0, 0
0.0051,0.1336,-0.0065,0.5827,-0.0002,0.0182,-0.0361,6.0000,-0.0054,0.0002,, 0, 0, 1, 0, 0
0.0155,0.0252,-0.0148,-1.5218,0.0010,0.0216,-0.0868,157.0000,-0.0045,-0.0010,, 0, 0, 1, 0, 0
0.0505,-0.1029,-0.0064,-2.6003,0.0042,0.0181,0.0090,136.0000,0.0011,-0.0042,, 0, 0, 1, 0, 0
0.0387,-0.1050,-0.0016,-1.7358,0.0059,0.0125,0.0593,111.0000,0.0050,-0.0059,, 0, 0, 1, 0, 0
0.0142,-0.0485,0.0109,-0.4352,0.0046,0.0118,0.1450,8.0000,0.0031,-0.0046,, 0, 0, 1, 0, 0
0.0238,0.0465,-0.0082,1.2405,0.0026,0.0098,-0.0305,44.0000,0.0017,-0.0026,, 0, 0, 1, 0, 0
0.0135,0.0505,-0.0110,1.4426,0.0010,0.0101,-0.0680,189.0000,0.0010,-0.0010,, 0, 0, 1, 0, 0
0.0038,0.0516,0.0300,1.2999,0.0000,0.0129,0.2533,129.0000,-0.0015,-0.0000,, 0, 0, 1, 0, 0
0.0144,0.1090,-0.0044,0.9911,-0.0005,0.0157,-0.0242,43.0000,-0.0037,0.0005,, 0, 0, 1, 0, 0
0.0256,0.0252,0.0100,-0.7601,0.0007,0.0166,0.1037,59.0000,-0.0010,-0.0007,, 0, 0, 1, 0, 0
0.0345,-0.1059,0.0273,-1.8266,0.0022,0.0151,0.2557,131.0000,0.0026,-0.0022,, 0, 0, 1, 0, 0
0.0276,-0.0681,0.0180,-0.8615,0.0021,0.0124,0.1778,190.0000,0.0033,-0.0021,, 0, 0, 1, 0, 0
0.0083,0.0416,0.0260,0.4629,0.0006,0.0144,0.2284,166.0000,-0.0013,-0.0006,, 0, 0, 1, 0, 0
0.0166,0.0269,-0.0194,0.7076,-0.0029,0.0121,-0.1728,17.0000,0.0005,0.0029,, 0, 0, 1, 0, 0
0.0028,0.0649,-0.0200,0.8027,-0.0030,0.0142,-0.1754,100.0000,-0.0018,0.0030,, 0, 0, 1, 0, 0
-0.0038,0.0629,0.0021,0.5131,-0.0026,0.0149,0.0064,160.0000,-0.0019,0.0026,, 0, 0, 1, 0, 0
-0.0132,-0.0175,0.0212,-0.0071,-0.0007,-0.0022,0.1600,89.0000,-0.0017,0.0007,, 1, 0, 0, 0, 0
0.0054,-0.0469,-0.0066,0.8996,-0.0010,-0.0107,-0.0742,122.0000,0.0049,0.0010,, 1, 0, 0, 0, 0
-0.1110,0.2230,0.0137,1.6842,-0.0032,0.0195,0.0972,155.0000,-0.0088,0.0032,, 0, 0, 1, 0, 0
0.0483,0.1218,-0.0001,0.0129,-0.0027,0.0208,-0.0071,23.0000,-0.0069,0.0027,, 0, 0, 1, 0, 0
0.0426,0.0044,0.0442,-1.8787,0.0029,0.0213,0.4046,102.0000,-0.0036,-0.0029,, 0, 0, 1, 0, 0
0.0276,-0.0871,0.0132,-2.5362,0.0053,0.0181,0.1771,65.0000,0.0009,-0.0053,, 0, 0, 1, 0, 0
0.0141,-0.0930,0.0428,-1.6080,0.0051,0.0129,0.4064,52.0000,0.0044,-0.0051,, 0, 0, 1, 0, 0
0.0430,-0.0228,-0.0160,-0.0804,0.0046,0.0103,-0.0715,172.0000,0.0039,-0.0046,, 0, 0, 1, 0, 0
0.0067,0.0221,-0.0258,0.9504,0.0017,0.0106,-0.1793,27.0000,0.0015,-0.0017,, 0, 0, 1, 0, 0
0.0545,0.0514,0.0044,1.6866,0.0019,-0.0071,0.0468,72.0000,-0.0003,-0.0019,, 1, 0, 0, 0, 0
-0.0163,0.0264,-0.0124,1.9765,0.0007,-0.0089,-0.1007,41.0000,0.0009,-0.0007,, 1, 0, 0, 0, 0
0.0123,0.0826,-0.0408,2.4540,0.0002,-0.0079,-0.3317,63.0000,-0.0010,-0.0002,, 1, 0, 0, 0, 0
-0.0032,-0.0045,0.0033,1.1045,-0.0034,0.0081,0.0010,155.0000,0.0037,0.0034,, 0, 0, 1, 0, 0
0.0250,-0.0064,-0.0292,0.1129,-0.0019,0.0151,-0.2369,39.0000,-0.0013,0.0019,, 0, 0, 1, 0, 0
0.0187,0.0187,0.0357,-0.7377,0.0002,0.0192,0.3070,5.0000,-0.0037,-0.0002,, 0, 0, 1, 0, 0
0.0157,-0.0444,0.0217,-1.2221,0.0025,0.0167,0.2151,95.0000,-0.0003,-0.0025,, 0, 0, 1, 0, 0
0.0357,-0.0281,0.0169,-0.7311,0.0032,0.0129,0.1807,189.0000,0.0026,-0.0032,, 0, 0, 1, 0, 0
0.0149,0.0297,-0.0018,-0.5120,0.0016,0.0161,0.0170,132.0000,-0.0011,-0.0016,, 0, 0, 1, 0, 0
0.0135,-0.0188,-0.0068,-0.8720,0.0013,0.0129,-0.0287,70.0000,-0.0152,-0.0013,, 1, 0, 0, 0, 0
0.0385,-0.0240,0.0465,-0.1016,0.0022,-0.0066,0.3873,180.0000,0.0028,-0.0022,, 1, 0, 0, 0, 0
-0.0267,0.0561,-0.0314,0.3204,0.0004,-0.0041,-0.2516,14.0000,-0.0005,-0.0004,, 1, 0, 0, 0, 0
0.0415,0.0509,0.0364,0.0213,0.0003,-0.0019,0.2922,33.0000,-0.0022,-0.0003,, 1, 0, 0, 0, 0
-0.0204,0.0156,-0.0122,-0.4956,0.0004,-0.0010,-0.0950,1.0000,-0.0020,-0.0004,, 1, 0, 0, 0, 0
0.0884,-0.3657,0.0323,-1.9062,0.0000,-0.0335,0.2248,86.0000,0.0193,-0.0000,, 0, 1, 0, 0, 0
0.2361,0.0870,-0.0763,2.6788,-0.0033,-0.0127,-0.6566,105.0000,0.0213,0.0033,, 0, 0, 1, 0, 0
-0.0274,0.2650,-0.0282,1.5395,-0.0113,0.0235,-0.3154,162.0000,-0.0125,0.0113,, 0, 0, 1, 0, 0
0.0146,-0.0405,-0.0097,-1.2030,-0.0106,0.0158,-0.1675,162.0000,0.0006,0.0106,, 0, 0, 1, 0, 0
0.0302,-0.0500,-0.0016,-1.9428,-0.0047,0.0190,-0.0412,20.0000,-0.0011,0.0047,, 0, 0, 1, 0, 0
0.0624,-0.0346,-0.0161,-1.8804,-0.0027,0.0174,-0.1380,21.0000,0.0004,0.0027,, 0, 0, 1, 0, 0
0.0092,-0.0762,-0.0064,-1.4153,-0.0031,0.0134,-0.0683,50.0000,0.0034,0.0031,, 0, 0, 1, 0, 0
0.0220,-0.0232,-0.0241,-0.0217,-0.0023,0.0122,-0.2037,175.0000,0.0018,0.0023,, 0, 0, 1, 0, 0
0.1264,-0.2393,-0.0471,0.9399,-0.0040,-0.0349,-0.4521,95.0000,0.0151,0.0040,, 0, 1, 0, 0, 0
-0.0950,0.8236,-0.0408,7.8737,-0.0127,0.0397,-0.4131,80.0000,-0.0414,0.0127,, 0, 0, 1, 0, 0
-0.0755,0.1443,0.0810,3.2914,-0.0151,0.0109,0.5078,126.0000,-0.0035,0.0151,, 0, 0, 1, 0, 0
0.0067,0.1182,0.0277,1.3514,-0.0092,0.0172,0.1469,183.0000,-0.0059,0.0092,, 0, 0, 1, 0, 0
0.0469,0.0309,0.0568,-1.3583,-0.0037,0.0227,0.4394,187.0000,-0.0060,0.0037,, 0, 0, 1, 0, 0
0.0719,-0.0969,0.0393,-2.9104,0.0044,0.0184,0.3770,153.0000,0.0014,-0.0044,, 0, 0, 1, 0, 0
0.0754,-0.0492,0.0280,-2.8839,0.0127,0.0198,0.3706,60.0000,-0.0000,-0.0127,, 0, 0, 1, 0, 0
0.0241,-0.0011,-0.0475,-2.7289,0.0132,0.0203,-0.2285,174.0000,-0.0008,-0.0132,, 0, 0, 1, 0, 0
0.0446,-0.0352,-0.0037,-2.3252,0.0101,0.0176,0.0887,105.0000,0.0011,-0.0101,, 0, 0, 1, 0, 0
0.0189,-0.0895,0.0343,-0.9528,0.0082,0.0103,0.3661,120.0000,0.0056,-0.0082,, 0, 0, 1, 0, 0
-0.0130,-0.0256,-0.0250,1.3360,0.0026,0.0044,-0.1701,141.0000,0.0069,-0.0026,, 0, 0, 1, 0, 0
-0.0048,0.0981,-0.0145,2.8771,-0.0050,0.0074,-0.1589,164.0000,0.0008,0.0050,, 0, 0, 1, 0, 0
-0.0063,0.1268,0.0281,2.3977,-0.0041,0.0120,0.1957,60.0000,-0.0028,0.0041,, 0, 0, 1, 0, 0
-0.0103,0.1280,0.0444,0.8479,-0.0035,0.0185,0.3390,26.0000,-0.0062,0.0035,, 0, 0, 1, 0, 0
0.0219,0.0412,-0.0102,-1.3409,-0.0007,0.0225,-0.0668,198.0000,-0.0058,0.0007,, 0, 0, 1, 0, 0
0.0176,-0.0296,0.0180,-2.3950,0.0040,0.0204,0.2048,194.0000,-0.0016,-0.0040,, 0, 0, 1, 0, 0
0.0401,-0.1124,0.0123,-2.7812,0.0060,0.0160,0.1746,117.0000,0.0036,-0.0060,, 0, 0, 1, 0, 0
0.0313,-0.1152,-0.0280,-1.4135,0.0072,0.0114,-0.1406,93.0000,0.0054,-0.0072,, 0, 0, 1, 0, 0
-0.0456,-0.0368,-0.0210,1.4791,0.0053,-0.0115,-0.1269,9.0000,0.0045,-0.0053,, 1, 0, 0, 0, 0
-0.0719,0.0075,0.1013,3.6640,-0.0052,-0.0012,0.7567,180.0000,0.0079,0.0052,, 0, 0, 1, 0, 0
-0.0113,0.1366,-0.0409,4.1885,-0.0077,0.0075,-0.3964,24.0000,-0.0019,0.0077,, 0, 0, 1, 0, 0
0.0017,0.0994,0.0309,3.0266,-0.0057,0.0103,0.2009,190.0000,-0.0024,0.0057,, 0, 0, 1, 0, 0
-0.0015,0.0881,0.0249,1.0597,-0.0010,0.0173,0.2068,7.0000,-0.0054,0.0010,, 0, 0, 1, 0, 0
0.0417,-0.0103,0.0400,-1.4877,0.0018,0.0208,0.3584,194.0000,-0.0038,-0.0018,, 0, 0, 1, 0, 0
0.0577,-0.0659,0.0215,-2.4661,0.0078,0.0193,0.2695,176.0000,-0.0004,-0.0078,, 0, 0, 1, 0, 0
0.0323,-0.0710,0.0482,-2.3454,0.0107,0.0165,0.5094,123.0000,0.0022,-0.0107,, 0, 0, 1, 0, 0
0.0496,-0.0432,-0.0465,-1.4282,0.0099,0.0144,-0.2585,123.0000,0.0024,-0.0099,, 0, 0, 1, 0, 0
-0.0176,-0.0072,-0.0045,-0.3018,0.0064,0.0107,0.0388,32.0000,0.0039,-0.0064,, 0, 0, 1, 0, 0
0.0162,0.0713,-0.0296,0.5026,0.0022,0.0145,-0.1998,52.0000,-0.0015,-0.0022,, 0, 0, 1, 0, 0
0.0131,0.0691,-0.0073,0.2612,0.0003,0.0138,-0.0420,93.0000,-0.0003,-0.0003,, 0, 0, 1, 0, 0
0.0072,-0.0008,0.0291,-0.6602,0.0003,0.0158,0.2510,84.0000,-0.0005,-0.0003,, 0, 0, 1, 0, 0
0.0282,-0.0505,0.0052,-0.4755,0.0019,0.0122,0.0731,10.0000,0.0028,-0.0019,, 0, 0, 1, 0, 0
0.0992,-0.0097,-0.0586,0.1776,0.0007,0.0123,-0.4498,196.0000,0.0013,-0.0007,, 0, 0, 1, 0, 0
0.0132,0.0470,0.0013,0.4553,-0.0002,0.0137,0.0222,37.0000,-0.0006,0.0002,, 0, 0, 1, 0, 0
-0.0121,0.0388,0.0009,0.1552,0.0001,0.0152,0.0237,67.0000,-0.0015,-0.0001,, 0, 0, 1, 0, 0
0.0359,0.0148,0.0239,-0.1828,0.0013,0.0168,0.2208,56.0000,-0.0025,-0.0013,, 0, 0, 1, 0, 0
-0.0090,-0.0727,0.0684,-0.1252,0.0017,0.0096,0.5739,30.0000,0.0046,-0.0017,, 0, 0, 1, 0, 0
0.0214,0.0489,-0.0214,0.8897,-0.0017,0.0121,-0.1764,78.0000,0.0002,0.0017,, 0, 0, 1, 0, 0
0.0151,0.0296,0.0124,0.6751,-0.0018,0.0138,0.0948,158.0000,-0.0012,0.0018,, 0, 0, 1, 0, 0
0.0280,0.0246,0.0093,0.5351,-0.0011,0.0139,0.0777,18.0000,-0.0010,0.0011,, 0, 0, 1, 0, 0
0.0462,-0.0352,-0.0097,0.3976,-0.0011,0.0114,-0.0770,63.0000,0.0018,0.0011,, 0, 0, 1, 0, 0
0.0088,0.0179,-0.0285,0.8504,-0.0009,0.0125,-0.2242,130.0000,-0.0002,0.0009,, 0, 0, 1, 0, 0
0.0038,0.0013,0.0023,0.7877,-0.0009,0.0128,0.0216,16.0000,-0.0004,0.0009,, 0, 0, 1, 0, 0
0.0027,0.0557,0.0237,0.8213,0.0005,0.0145,0.2090,102.0000,-0.0022,-0.0005,, 0, 0, 1, 0, 0
0.0062,0.0644,0.0112,0.3895,0.0009,0.0167,0.1153,160.0000,-0.0035,-0.0009,, 0, 0, 1, 0, 0
0.0040,0.0245,-0.0972,-0.4294,0.0012,0.0177,-0.7481,152.0000,-0.0029,-0.0012,, 0, 0, 1, 0, 0
0.0250,-0.0280,0.0191,-0.5963,0.0029,0.0135,0.1952,79.0000,0.0017,-0.0029,, 0, 0, 1, 0, 0
0.0222,-0.0601,-0.0345,-0.4700,0.0021,0.0127,-0.2424,31.0000,0.0022,-0.0021,, 0, 0, 1, 0, 0
-0.0087,0.0465,0.0340,0.7588,0.0018,0.0115,0.3014,42.0000,0.0010,-0.0018,, 0, 0, 1, 0, 0
0.0142,0.0618,0.0068,0.4570,0.0002,0.0148,0.0715,120.0000,-0.0017,-0.0002,, 0, 0, 1, 0, 0
-0.0111,0.0282,-0.0181,-0.2692,-0.0002,0.0165,-0.1307,129.0000,-0.0019,0.0002,, 0, 0, 1, 0, 0
-0.0166,0.1216,0.0095,-0.5931,0.0008,0.0136,0.0979,77.0000,0.0016,-0.0008,, 0, 0, 1, 0, 0
0.1115,-0.1034,0.0301,-3.4364,0.0034,0.0165,0.2911,97.0000,0.0044,-0.0034,, 0, 0, 1, 0, 0
0.0567,-0.0240,-0.0301,-2.8839,0.0072,0.0208,-0.1479,158.0000,-0.0011,-0.0072,, 0, 0, 1, 0, 0
0.0249,-0.0546,-0.0012,-2.8177,0.0071,0.0189,0.0805,64.0000,0.0008,-0.0071,, 0, 0, 1, 0, 0
0.1057,0.5464,-0.0370,-0.7263,0.0055,0.0199,-0.2208,38.0000,-0.0044,-0.0055,, 0, 0, 1, 0, 0
0.0858,-0.0945,0.0970,-4.8958,0.0107,0.0239,0.9067,60.0000,-0.0001,-0.0107,, 0, 0, 1, 0, 0
0.0456,-0.0522,-0.0996,-3.9481,0.0120,0.0214,-0.6553,183.0000,0.0005,-0.0120,, 0, 0, 1, 0, 0
0.0303,-0.0787,-0.0008,-2.4129,0.0066,0.0146,0.0748,43.0000,0.0043,-0.0066,, 0, 0, 1, 0, 0
-0.0432,-0.2000,0.0580,-4.8508,0.0032,0.0180,0.5135,41.0000,0.0057,-0.0032,, 0, 0, 1, 0, 0
0.0574,-0.2114,0.0151,-2.6073,-0.0003,0.0084,0.1257,80.0000,0.0108,0.0003,, 0, 0, 1, 0, 0
0.0899,-0.1471,0.0051,1.0188,-0.0016,-0.0001,0.0246,198.0000,0.0120,0.0016,, 0, 0, 1, 0, 0
0.0495,1.1558,0.0321,5.3032,0.0009,0.0540,0.3200,106.0000,-0.0506,-0.0009,, 0, 0, 1, 0, 0
0.0015,-0.1515,-0.0153,-1.9038,0.0019,0.0180,-0.0857,18.0000,-0.0002,-0.0019,, 0, 0, 1, 0, 0
0.0750,-0.1600,-0.0025,-0.0771,0.0020,0.0070,0.0064,97.0000,0.0072,-0.0020,, 0, 0, 1, 0, 0
0.0041,-0.0180,0.0113,2.6874,0.0023,0.0026,0.1159,40.0000,0.0060,-0.0023,, 0, 0, 1, 0, 0
-0.2210,0.1210,0.0169,-0.4089,0.0007,0.0265,0.1691,149.0000,-0.0117,-0.0007,, 0, 0, 1, 0, 0
0.0499,-0.1997,-0.0066,-1.0150,0.0033,0.0094,-0.0104,21.0000,0.0067,-0.0033,, 0, 0, 1, 0, 0
0.0209,-0.0573,0.0513,1.0944,0.0016,0.0073,0.4335,29.0000,0.0045,-0.0016,, 0, 0, 1, 0, 0
-0.0214,0.7635,0.0552,2.3616,0.0016,0.0073,0.4649,6.0000,0.0020,-0.0016,, 0, 0, 1, 0, 0
0.2196,-0.4393,0.0502,-5.5521,0.0071,0.0177,0.4904,152.0000,0.0074,-0.0071,, 0, 0, 1, 0, 0
0.0427,-0.2086,-0.0032,-1.5398,0.0041,0.0087,0.0243,165.0000,0.0084,-0.0041,, 0, 0, 1, 0, 0
0.0030,-0.0650,0.0267,2.8532,-0.0003,-0.0027,0.2073,8.0000,0.0110,0.0003,, 0, 0, 1, 0, 0
-0.0225,-0.0045,0.1018,5.2551,0.0009,-0.0056,0.8176,54.0000,0.0090,-0.0009,, 0, 0, 1, 0, 0
-0.2096,0.2217,-0.0495,3.3881,-0.0033,0.0214,-0.4079,74.0000,-0.0141,0.0033,, 0, 0, 1, 0, 0
0.0287,0.0185,-0.0052,2.0510,-0.0049,0.0115,-0.0785,119.0000,-0.0016,0.0049,, 0, 0, 1, 0, 0
0.0208,0.0322,0.0107,0.9093,-0.0051,0.0168,0.0510,73.0000,-0.0046,0.0051,, 0, 0, 1, 0, 0
0.0238,0.0318,0.0710,0.0422,-0.0010,0.0178,0.5755,104.0000,-0.0038,0.0010,, 0, 0, 1, 0, 0
0.0196,-0.0753,0.0248,-0.6806,-0.0004,0.0141,0.2084,61.0000,0.0013,0.0004,, 0, 0, 1, 0, 0
0.0553,-0.0866,0.0061,-0.2071,0.0005,0.0103,0.0641,19.0000,0.0041,-0.0005,, 0, 0, 1, 0, 0
0.0100,-0.0111,-0.0154,0.6732,-0.0017,0.0107,-0.1297,59.0000,0.0020,0.0017,, 0, 0, 1, 0, 0
-0.0135,0.1067,-0.0382,0.8709,-0.0032,0.0153,-0.3226,158.0000,-0.0031,0.0032,, 0, 0, 1, 0, 0
0.1265,-0.0171,0.0091,-0.0788,-0.0014,0.0138,0.0719,189.0000,0.0004,0.0014,, 0, 0, 1, 0, 0
0.0266,-0.0289,0.0554,-0.2300,0.0006,0.0142,0.4641,190.0000,0.0002,-0.0006,, 0, 0, 1, 0, 0
0.0228,-0.0534,0.0252,0.4437,0.0014,0.0102,0.2262,184.0000,0.0029,-0.0014,, 0, 0, 1, 0, 0
0.0130,0.1005,-0.0101,1.0401,0.0018,0.0153,-0.0474,70.0000,-0.0034,-0.0018,, 0, 0, 1, 0, 0
0.0231,-0.0011,-0.0026,0.4940,0.0020,0.0123,0.0113,139.0000,0.0007,-0.0020,, 0, 0, 1, 0, 0
-0.0155,0.0633,0.0015,0.0800,0.0020,0.0184,0.0503,184.0000,-0.0046,-0.0020,, 0, 0, 1, 0, 0
-0.0121,-0.0706,-0.0045,-0.7900,0.0022,0.0133,-0.0004,142.0000,0.0022,-0.0022,, 0, 0, 1, 0, 0
0.0822,-0.0858,-0.0837,0.3313,0.0023,0.0062,-0.6397,113.0000,0.0072,-0.0023,, 0, 0, 1, 0, 0
0.1160,-0.0616,0.0145,1.6591,0.0047,-0.0245,0.1389,68.0000,0.0032,-0.0047,, 0, 1, 0, 0, 0
-0.0693,0.1092,0.0211,3.2285,0.0035,-0.0233,0.1801,127.0000,-0.0011,-0.0035,, 0, 1, 0, 0, 0
0.0338,-0.0694,-0.0241,1.9825,-0.0048,-0.0010,-0.2422,164.0000,0.0110,0.0048,, 0, 0, 1, 0, 0
-0.0025,0.1992,-0.0453,1.1090,-0.0040,0.0223,-0.3802,179.0000,-0.0105,0.0040,, 0, 0, 1, 0, 0
0.0347,-0.0175,-0.0261,-1.9945,0.0002,0.0232,-0.1835,120.0000,-0.0052,-0.0002,, 0, 0, 1, 0, 0
-0.1181,-0.0663,0.0121,-1.8938,0.0090,-0.0115,0.1762,155.0000,-0.0027,-0.0090,, 0, 1, 0, 0, 0
-0.0920,-0.2066,-0.0058,0.2963,0.0127,-0.0305,0.0494,39.0000,0.0119,-0.0127,, 0, 1, 0, 0, 0
0.0718,-0.0099,0.0003,2.4877,0.0028,-0.0015,0.0286,171.0000,0.0105,-0.0028,, 0, 0, 1, 0, 0
-0.0215,0.2142,-0.0012,1.8667,0.0023,0.0186,0.0319,46.0000,-0.0083,-0.0023,, 0, 0, 1, 0, 0
0.0520,0.0028,0.0244,-0.6544,0.0046,0.0190,0.2603,87.0000,-0.0037,-0.0046,, 0, 0, 1, 0, 0
-0.1609,-0.0278,-0.0278,-0.7435,0.0087,-0.0140,-0.1496,53.0000,-0.0025,-0.0087,, 0, 1, 0, 0, 0
-0.0428,-0.0666,0.0121,0.9457,0.0076,-0.0255,0.1475,33.0000,0.0056,-0.0076,, 0, 1, 0, 0, 0
-0.0295,0.0830,-0.0294,2.1529,0.0037,-0.0231,-0.2213,20.0000,0.0008,-0.0037,, 0, 1, 0, 0, 0
-0.0364,0.1376,0.0309,1.4502,0.0014,-0.0160,0.2453,23.0000,-0.0049,-0.0014,, 0, 1, 0, 0, 0
-0.0681,0.0189,-0.0525,-0.0840,0.0019,-0.0145,-0.4152,78.0000,-0.0033,-0.0019,, 0, 1, 0, 0, 0
0.0873,0.0133,-0.0244,-1.1842,0.0001,0.0185,-0.1749,155.0000,-0.0021,-0.0001,, 0, 0, 1, 0, 0
0.0296,-0.1142,-0.0110,-2.4939,-0.0007,0.0170,-0.0783,154.0000,0.0020,0.0007,, 0, 0, 1, 0, 0
0.0175,-0.0911,0.0172,-1.5491,-0.0015,0.0146,0.1368,141.0000,0.0025,0.0015,, 0, 0, 1, 0, 0
-0.0307,-0.0746,0.0217,0.0743,-0.0012,0.0071,0.1692,62.0000,0.0067,0.0012,, 0, 0, 1, 0, 0
-0.0080,0.0887,0.0044,1.7391,-0.0024,0.0097,0.0212,169.0000,0.0009,0.0024,, 0, 0, 1, 0, 0
-0.2377,-0.1148,-0.0125,-1.4880,-0.0028,-0.0062,-0.1344,111.0000,-0.0088,0.0028,, 0, 1, 0, 0, 0
-0.0910,-0.0401,0.0296,0.0319,0.0001,-0.0223,0.2158,59.0000,0.0042,-0.0001,, 0, 1, 0, 0, 0
-0.0093,0.1075,0.0055,0.3174,-0.0003,-0.0138,0.0270,98.0000,-0.0049,0.0003,, 0, 1, 0, 0, 0
-0.0033,0.0007,0.0089,-0.5610,0.0006,-0.0154,0.0619,68.0000,-0.0014,-0.0006,, 0, 1, 0, 0, 0
-0.1972,0.0961,0.0167,0.1297,-0.0002,0.0175,0.1490,158.0000,-0.0038,0.0002,, 0, 0, 1, 0, 0
-0.0336,0.0172,-0.0384,-0.6750,-0.0013,0.0160,-0.3035,155.0000,-0.0007,0.0013,, 0, 0, 1, 0, 0
0.0243,-0.0502,-0.0257,-0.8885,-0.0019,0.0149,-0.2094,72.0000,0.0009,0.0019,, 0, 0, 1, 0, 0
0.0309,-0.0791,-0.0241,-0.0724,-0.0029,0.0090,-0.2124,14.0000,0.0051,0.0029,, 0, 0, 1, 0, 0
0.0203,0.1051,0.0328,1.2415,-0.0034,0.0128,0.2414,87.0000,-0.0013,0.0034,, 0, 0, 1, 0, 0
-0.0565,0.1148,0.0031,-0.0488,-0.0027,0.0182,0.0159,170.0000,-0.0041,0.0027,, 0, 0, 1, 0, 0
0.0231,-0.0839,0.0569,-1.4825,0.0009,0.0150,0.4794,66.0000,0.0019,-0.0009,, 0, 0, 1, 0, 0
0.0176,-0.1007,-0.0028,-0.4966,0.0019,0.0105,0.0073,154.0000,0.0045,-0.0019,, 0, 0, 1, 0, 0
-0.0036,0.0208,-0.0016,1.1549,0.0001,0.0091,-0.0023,199.0000,0.0026,-0.0001,, 0, 0, 1, 0, 0
-0.0042,0.1351,-0.0272,1.0282,-0.0011,0.0155,-0.2125,137.0000,-0.0036,0.0011,, 0, 0, 1, 0, 0
0.0259,0.0674,-0.0397,-0.8361,-0.0007,0.0206,-0.3039,157.0000,-0.0049,0.0007,, 0, 0, 1, 0, 0
-0.2572,-0.3826,-0.0599,-4.4032,-0.0017,-0.0071,-0.5034,181.0000,-0.0021,0.0017,, 0, 1, 0, 0, 0
-0.1102,-0.3027,0.0433,0.1469,0.0003,-0.0388,0.3112,196.0000,0.0205,-0.0003,, 0, 1, 0, 0, 0
-0.0547,0.1648,-0.0505,4.2022,-0.0046,-0.0267,-0.4764,59.0000,0.0003,0.0046,, 0, 1, 0, 0, 0
-0.0800,0.2008,0.0187,3.1956,-0.0049,-0.0180,0.0827,63.0000,-0.0064,0.0049,, 0, 1, 0, 0, 0
-0.0125,0.0778,-0.0350,0.7905,-0.0045,-0.0145,-0.3397,74.0000,-0.0051,0.0045,, 0, 1, 0, 0, 0
0.0155,-0.0036,0.0521,-0.8114,-0.0050,-0.0136,0.3537,60.0000,-0.0028,0.0050,, 0, 1, 0, 0, 0
0.0257,-0.1112,-0.0318,-1.3950,-0.0027,-0.0185,-0.2996,129.0000,0.0033,0.0027,, 0, 1, 0, 0, 0
0.0088,-0.0985,-0.0104,-0.4285,-0.0023,-0.0209,-0.1267,34.0000,0.0038,0.0023,, 0, 1, 0, 0, 0
-0.0253,0.0682,-0.0057,1.2262,-0.0031,-0.0227,-0.0997,81.0000,0.0022,0.0031,, 0, 1, 0, 0, 0
-0.0212,0.0605,0.0069,0.5638,-0.0051,-0.0164,-0.0114,192.0000,-0.0027,0.0051,, 0, 1, 0, 0, 0
-0.0691,0.0373,0.0011,0.0791,-0.0043,-0.0169,-0.0513,19.0000,-0.0013,0.0043,, 0, 1, 0, 0, 0
-0.0251,-0.0476,0.0195,-0.4965,-0.0045,-0.0179,0.0933,194.0000,0.0009,0.0045,, 0, 1, 0, 0, 0
0.0132,0.0123,0.0173,0.5033,-0.0024,-0.0185,0.0965,176.0000,-0.0005,0.0024,, 0, 1, 0, 0, 0
-0.0567,0.0983,0.0065,0.3242,-0.0021,-0.0159,0.0153,33.0000,-0.0027,0.0021,, 0, 1, 0, 0, 0
-0.0068,-0.0671,-0.0158,-0.6962,-0.0008,-0.0185,-0.1527,4.0000,0.0019,0.0008,, 0, 1, 0, 0, 0
0.0423,-0.0693,-0.0938,0.3672,-0.0008,-0.0246,-0.7832,175.0000,0.0059,0.0008,, 0, 1, 0, 0, 0
-0.0396,0.1331,-0.0126,0.6974,-0.0021,-0.0147,-0.1365,61.0000,-0.0047,0.0021,, 0, 1, 0, 0, 0
-0.0163,-0.0456,-0.0443,-0.4899,-0.0028,-0.0181,-0.4012,59.0000,0.0011,0.0028,, 0, 1, 0, 0, 0
0.0948,-0.0108,0.0293,-1.1152,-0.0005,0.0148,0.2442,147.0000,0.0014,0.0005,, 0, 0, 1, 0, 0
0.0454,-0.0899,-0.0144,-1.9376,0.0002,0.0166,-0.0967,195.0000,0.0013,-0.0002,, 0, 0, 1, 0, 0
0.0563,-0.0894,0.0063,-0.6452,0.0010,0.0108,0.0707,36.0000,0.0045,-0.0010,, 0, 0, 1, 0, 0
0.0316,0.0164,-0.0332,0.9066,-0.0001,0.0095,-0.2567,57.0000,0.0027,0.0001,, 0, 0, 1, 0, 0
0.0077,0.1270,-0.0646,1.2675,-0.0008,0.0140,-0.5107,182.0000,-0.0025,0.0008,, 0, 0, 1, 0, 0
0.0737,0.0865,0.0493,-0.0974,-0.0003,0.0207,0.4121,42.0000,-0.0065,0.0003,, 0, 0, 1, 0, 0
0.0318,-0.0613,0.0167,-1.1878,0.0000,0.0162,0.1500,158.0000,0.0001,-0.0000,, 0, 0, 1, 0, 0
0.0538,-0.0662,-0.0409,0.0121,-0.0004,0.0113,-0.3195,74.0000,0.0027,0.0004,, 0, 0, 1, 0, 0
0.0239,0.1171,-0.0137,1.4859,-0.0017,0.0124,-0.1144,158.0000,-0.0014,0.0017,, 0, 0, 1, 0, 0
0.0093,0.1280,0.0085,0.2487,-0.0017,0.0191,0.0704,63.0000,-0.0056,0.0017,, 0, 0, 1, 0, 0
0.0072,-0.0616,0.0017,-1.4048,-0.0017,0.0167,0.0139,194.0000,0.0001,0.0017,, 0, 0, 1, 0, 0
0.0428,-0.1543,0.0656,-0.8243,-0.0012,0.0099,0.5224,65.0000,0.0058,0.0012,, 0, 0, 1, 0, 0
0.0355,0.0084,0.0183,1.3633,-0.0010,0.0076,0.1434,98.0000,0.0037,0.0010,, 0, 0, 1, 0, 0
-0.0277,0.2076,-0.0070,1.2515,-0.0019,0.0178,-0.0574,68.0000,-0.0063,0.0019,, 0, 0, 1, 0, 0
0.0106,0.0318,0.0229,-1.2681,-0.0013,0.0207,0.1907,63.0000,-0.0042,0.0013,, 0, 0, 1, 0, 0
0.0521,-0.1136,0.0163,-1.8654,0.0017,0.0165,0.1635,81.0000,0.0012,-0.0017,, 0, 0, 1, 0, 0
0.0270,-0.0741,-0.0160,-0.0920,0.0027,0.0099,-0.0906,161.0000,0.0043,-0.0027,, 0, 0, 1, 0, 0
0.0068,0.0183,-0.0650,1.5608,0.0011,0.0072,-0.5014,46.0000,0.0036,-0.0011,, 0, 0, 1, 0, 0
-0.0025,0.1877,0.0245,1.5896,0.0007,0.0157,0.2187,32.0000,-0.0049,-0.0007,, 0, 0, 1, 0, 0
-0.0212,0.0397,0.0257,0.1904,0.0037,-0.0123,0.2307,155.0000,-0.0060,-0.0037,, 0, 1, 0, 0, 0
-0.0366,0.0128,0.0232,0.4168,0.0066,-0.0204,0.2308,160.0000,0.0015,-0.0066,, 0, 1, 0, 0, 0
-0.0357,0.0897,-0.0008,0.2116,0.0073,-0.0148,0.0521,7.0000,-0.0036,-0.0073,, 0, 1, 0, 0, 0
-0.0016,-0.0697,0.0159,-0.7574,0.0061,-0.0171,0.1711,174.0000,0.0006,-0.0061,, 0, 1, 0, 0, 0
-0.0291,-0.0650,-0.0434,0.3770,0.0055,-0.0248,-0.3172,143.0000,0.0380,-0.0055,, 0, 0, 1, 0, 0
0.0283,0.2574,-0.0140,0.6354,0.0020,0.0241,-0.0674,154.0000,-0.0113,-0.0020,, 0, 0, 1, 0, 0
0.0250,-0.0509,-0.0108,-2.5457,-0.0012,0.0217,-0.0767,19.0000,-0.0026,0.0012,, 0, 0, 1, 0, 0
0.0451,-0.2042,0.0208,-2.1979,-0.0026,0.0112,0.1512,148.0000,0.0072,0.0026,, 0, 0, 1, 0, 0
0.0361,-0.1655,-0.0420,0.0746,-0.0032,0.0019,-0.3661,56.0000,0.0120,0.0032,, 0, 0, 1, 0, 0
0.0035,0.0699,0.0513,2.3291,-0.0042,0.0073,0.3757,12.0000,0.0021,0.0042,, 0, 0, 1, 0, 0
-0.0151,0.2140,0.0437,2.2456,-0.0041,0.0161,0.3254,66.0000,-0.0066,0.0041,, 0, 0, 1, 0, 0
0.0229,0.1547,0.0364,-0.1143,-0.0034,0.0263,0.2831,166.0000,-0.0120,0.0034,, 0, 0, 1, 0, 0
0.0392,-0.0841,-0.0025,-2.1847,-0.0030,0.0177,-0.0327,19.0000,0.0007,0.0030,, 0, 0, 1, 0, 0
0.0354,-0.1490,-0.0134,-1.5229,-0.0021,0.0116,-0.1169,7.0000,0.0054,0.0021,, 0, 0, 1, 0, 0
0.0436,-0.0504,0.0572,1.2163,-0.0019,0.0065,0.4449,169.0000,0.0051,0.0019,, 0, 0, 1, 0, 0
-0.0108,0.1764,0.0091,2.6404,-0.0029,0.0111,0.0550,179.0000,-0.0024,0.0029,, 0, 0, 1, 0, 0
-0.0249,0.1520,0.0139,0.7015,-0.0029,0.0191,0.1008,172.0000,-0.0065,0.0029,, 0, 0, 1, 0, 0
0.0254,-0.0084,-0.0089,-1.5987,-0.0006,0.0212,-0.0557,120.0000,-0.0040,0.0006,, 0, 0, 1, 0, 0
0.0452,-0.1069,0.0153,-2.1414,0.0011,0.0177,0.1518,113.0000,0.0006,-0.0011,, 0, 0, 1, 0, 0
0.1760,-0.2639,-0.0380,-0.4819,0.0033,-0.0160,-0.2870,78.0000,0.0130,-0.0033,, 1, 0, 0, 0, 0
-0.0371,0.0813,-0.0402,3.2321,0.0018,-0.0144,-0.3177,27.0000,0.0039,-0.0018,, 1, 0, 0, 0, 0
0.1078,0.3902,0.0433,4.4214,0.0019,0.0069,0.3724,1.0000,-0.0018,-0.0019,, 0, 0, 1, 0, 0
0.0188,0.1608,-0.0469,-0.2907,0.0009,0.0268,-0.3392,14.0000,-0.0123,-0.0009,, 0, 0, 1, 0, 0
0.0209,-0.1021,0.0179,-2.9465,0.0015,0.0206,0.1786,18.0000,-0.0008,-0.0015,, 0, 0, 1, 0, 0
0.0261,-0.1322,-0.0009,-2.7443,0.0009,0.0166,0.0180,124.0000,0.0028,-0.0009,, 0, 0, 1, 0, 0
0.0308,-0.1573,-0.0169,-0.8220,0.0008,0.0079,-0.1188,126.0000,0.0077,-0.0008,, 0, 0, 1, 0, 0
0.0064,0.0061,-0.0350,2.3437,-0.0010,0.0036,-0.2867,12.0000,0.0057,0.0010,, 0, 0, 1, 0, 0
-0.0238,0.1805,0.0084,3.2286,-0.0018,0.0103,0.0595,132.0000,-0.0027,0.0018,, 0, 0, 1, 0, 0
-0.0104,0.1548,0.0143,1.3062,-0.0007,0.0175,0.1242,183.0000,-0.0061,0.0007,, 0, 0, 1, 0, 0
0.0131,0.0935,-0.0085,-1.5727,0.0006,0.0261,-0.0365,181.0000,-0.0089,-0.0006,, 0, 0, 1, 0, 0
0.0290,-0.0790,-0.0089,-3.5482,0.0024,0.0225,-0.0245,80.0000,-0.0015,-0.0024,, 0, 0, 1, 0, 0
0.0560,-0.1243,-0.0097,-3.8667,0.0062,0.0188,0.0034,103.0000,0.0030,-0.0062,, 0, 0, 1, 0, 0
0.0376,-0.1190,0.0321,-2.6928,0.0077,0.0143,0.3486,170.0000,0.0051,-0.0077,, 0, 0, 1, 0, 0
0.0241,-0.0833,0.0650,-0.6739,0.0076,0.0085,0.6050,199.0000,0.0069,-0.0076,, 0, 0, 1, 0, 0
0.0040,-0.0115,-0.0013,1.3026,0.0037,0.0048,0.0310,48.0000,0.0066,-0.0037,, 0, 0, 1, 0, 0
0.0270,0.0939,-0.0401,2.4493,0.0013,0.0094,-0.2978,58.0000,-0.0003,-0.0013,, 0, 0, 1, 0, 0
-0.0059,0.0933,-0.0254,2.2198,0.0009,0.0111,-0.1833,97.0000,-0.0015,-0.0009,, 0, 0, 1, 0, 0
-0.0145,0.0922,0.0268,1.1643,0.0006,0.0158,0.2367,74.0000,-0.0042,-0.0006,, 0, 0, 1, 0, 0
-0.0610,0.0644,-0.0483,-0.4551,0.0000,0.0186,-0.3678,116.0000,-0.0037,-0.0000,, 0, 0, 1, 0, 0
0.0623,-0.0783,-0.0527,-1.5705,-0.0008,0.0163,-0.4136,-1.0000,0.0008,0.0008,, 0, 0, 1, 0, 0
0.0411,-0.0671,0.0109,-0.5828,-0.0004,0.0114,0.0953,76.0000,0.0037,0.0004,, 0, 0, 1, 0, 0
-0.0120,0.0774,-0.0583,0.4421,-0.0023,0.0167,-0.4733,77.0000,-0.0036,0.0023,, 0, 0, 1, 0, 0
0.0313,0.0654,0.0200,0.2827,-0.0040,0.0162,0.1362,104.0000,-0.0028,0.0040,, 0, 0, 1, 0, 0
-0.0326,-0.0093,0.0416,-0.2876,-0.0034,0.0143,0.3129,104.0000,0.0003,0.0034,, 0, 0, 1, 0, 0
0.0087,0.1005,-0.0209,0.1097,-0.0016,0.0189,-0.1647,89.0000,-0.0051,0.0016,, 0, 0, 1, 0, 0
0.0374,0.0093,0.0067,-0.6503,0.0031,0.0167,0.1007,46.0000,-0.0014,-0.0031,, 0, 0, 1, 0, 0
0.0234,-0.0827,0.0033,-0.4616,0.0048,0.0110,0.0855,174.0000,0.0039,-0.0048,, 0, 0, 1, 0, 0
0.0343,0.0430,0.0199,0.4265,0.0046,0.0120,0.2170,196.0000,0.0012,-0.0046,, 0, 0, 1, 0, 0
0.0457,0.1299,0.0264,-0.0684,0.0036,0.0195,0.2666,26.0000,-0.0054,-0.0036,, 0, 0, 1, 0, 0
0.0583,-0.1436,-0.0703,-1.2590,0.0031,0.0116,-0.5197,120.0000,0.0049,-0.0031,, 0, 0, 1, 0, 0
0.0642,0.0528,-0.0282,0.7547,0.0021,0.0137,-0.1910,81.0000,-0.0012,-0.0021,, 0, 0, 1, 0, 0
-0.0108,0.1158,0.0208,0.6446,0.0004,0.0153,0.1858,152.0000,-0.0026,-0.0004,, 0, 0, 1, 0, 0
0.0214,0.0401,0.0253,-1.2552,0.0012,0.0219,0.2362,138.0000,-0.0054,-0.0012,, 0, 0, 1, 0, 0
0.0353,-0.1688,0.0079,-1.6540,0.0020,0.0119,0.0947,165.0000,0.0054,-0.0020,, 0, 0, 1, 0, 0
0.0676,0.0092,-0.0482,0.6780,0.0005,0.0094,-0.3708,105.0000,0.0032,-0.0005,, 0, 0, 1, 0, 0
-0.0063,0.1348,0.0124,0.3212,-0.0006,0.0186,0.1116,188.0000,-0.0053,0.0006,, 0, 0, 1, 0, 0
0.0135,-0.0902,-0.0042,-0.9559,-0.0004,0.0133,-0.0244,136.0000,0.0026,0.0004,, 0, 0, 1, 0, 0
0.0077,-0.1094,0.0353,-0.0248,0.0006,0.0056,0.2945,93.0000,0.0085,-0.0006,, 0, 0, 1, 0, 0
-0.0007,0.0954,-0.0192,0.9266,-0.0012,0.0147,-0.1507,178.0000,-0.0025,0.0012,, 0, 0, 1, 0, 0
0.0196,0.0993,-0.0145,0.1810,-0.0008,0.0191,-0.1046,28.0000,-0.0055,0.0008,, 0, 0, 1, 0, 0
0.0085,-0.0460,-0.0124,-0.7071,0.0004,0.0152,-0.0802,178.0000,0.0002,-0.0004,, 0, 0, 1, 0, 0